query_id,gallery_id,confidence
486dd80d22f94a5496b3e670b19399a7,df7ea50171af48df81584ab7e8107d15,0.785073042
9e1bede2ba464377897f1d482b7c49ae,df7ea50171af48df81584ab7e8107d15,0.857175648
a1595c1d280449abbff7742dcdc90b72,e79ae27b52fa4d54aa37735fd275c66e,0.985123098
58c2bd09ab0c4a56ad05b91a3de36417,34b736136487439389c10cc6bd4e9f4e,0.931196928
4d5ef36361734ccdae5d52098bf0123f,34b736136487439389c10cc6bd4e9f4e,0.852933526
4d78e6316a014332815f66e59a8a4099,23199e1859544647893a97ea365c5c83,0.809412479
4e7bd3e813564642929978bfa51f30c7,23199e1859544647893a97ea365c5c83,0.854605734
f25af2430f9345bebb1d841e5867c08d,fbfaa119f55a477984e42d80498f54d3,0.838769197
44b22297fb9049d682c5ca2921bfc8fa,fbfaa119f55a477984e42d80498f54d3,0.85036093
115a8b58da1343fd928c9b8e89d40878,41e657daa20545a588584578bdb4101c,0.786761642
dcb5bc6262f24669a59aadae1fe8a9c6,41e657daa20545a588584578bdb4101c,0.843307674
16bb236a08d141388ef98f19a4ca335b,57bcda73abab44ee930b20cdaee9d24b,0.870800972
6bb81302398a41f3a58838ff31bdb0f8,57bcda73abab44ee930b20cdaee9d24b,0.908045471
efa58554232841b693eb71ccc7417f3d,0accd1d0138b49049d437c0d9b1c23c3,0.905282676
9b715a377ba548f682027f97bfd90fef,0accd1d0138b49049d437c0d9b1c23c3,0.970429063
1423a1c6689d4577818b5aa7d4dce019,04d24d1cf42b4f7787d8d300cbad6d50,0.915783763
dd907a79f4e744e2851eafcd9227e602,dd36cc0867b94d55a43b82c1c9a0e95c,0.771497965
7c541d4fc72e49c0ab64a3c1d0fd1c08,dd36cc0867b94d55a43b82c1c9a0e95c,0.612452149
518c046dd36b449fab3f0ffe249b1282,b83013f4c5524232814efa0f8651867f,0.825134337
623639be18e04aeba2e0129efe84aab8,27fe100af7884932a33bf30f10dacc55,0.621099174
12c13948584341d6a5e45dde227253f8,b83013f4c5524232814efa0f8651867f,0.886381626
4d070f30ba5d4a11b0b78073f47f11a8,27fe100af7884932a33bf30f10dacc55,0.599097013
a376e7d651454d5490a6836fdcfbb986,c3f66637872c4141ab3898296739457d,0.78353864
127639f543af45dba72da3cecff7c65a,ce4fdd5499f8498793c11e586f7da70c,0.7802549
c91c2c649312417aa86fe0975f437d9f,ce4fdd5499f8498793c11e586f7da70c,0.840338051
06975950c6134fdfb4b0ed6a5cf0a50d,1aaf8edc37ea412b85e3d1b5c5317051,0.517660797
8b60f7f0b86c4168ad03970ab04f5e6f,51c6049a18b84ee381d0512e40b67c0e,0.811675549
514ebe94b40c403482de042102289b46,51c6049a18b84ee381d0512e40b67c0e,0.901078224
543ddcbf2bd941a58120dad59c45ceb0,6b4676aba2a746b3ab778315afc8ee82,0.939822555
107e548bacc844d38e74d9d3d4c6daef,7226603f024c45c6a6e44b00e52e8aad,0.724384427
2b96b856fb814e1ea13121869bdfba59,f12e9e5805534d719f829332d1ea5d29,0.975942314
b2bd2aeb78c846db8046a83ff0fa2cd1,f12e9e5805534d719f829332d1ea5d29,0.985706806
dba7a96eede9465fb56a4f743a85c9c0,7226603f024c45c6a6e44b00e52e8aad,0.700345337
95a37fbd9d724d448e13f4ffabbe0274,93dc50abd35349f7923100dca2f41002,0.95593977
e365a82950b3437a9ffd8bbebb0713a8,93dc50abd35349f7923100dca2f41002,0.955597997
5fe3bf5786b54f9f8d85861573fc9d2f,a0b4d283f12a407286dbeaa3a4d128a5,0.919160426
be8193e46ed74126aa2fa3bd4d20feb7,4e4495962a9b4864882397042f1a2b3e,0.622782588
e0e982cb170f440b970c9d9d1946f9dd,78809cb3c6b841a9b8b132133dd6bb96,0.873428285
e0249c6a39824516a1c3d7d3d47dfde9,4e4495962a9b4864882397042f1a2b3e,0.762092352
1c0381823ed0499e8e96e4cfd8b9a64a,ff51ca928cd54f4da620c27983e221f8,0.560681462
2282d8cf50554304ab195b1a53c7d9f3,6dc5832f0ac04df2bd99c6415b3ecf09,0.687595367
c4f8a865ba2744e0b7c4701468c16ca4,6dc5832f0ac04df2bd99c6415b3ecf09,0.525496602
3d2b131349684742968cd2b214a13f76,590df34aa41f46e9ad13ffc6a98da3b7,0.873226404
317db6fcd5d1443fb6271acc6ec8fe3e,590df34aa41f46e9ad13ffc6a98da3b7,0.85946238
b0553ed82597421aabe852652c5915d7,d53fa54d5536463ab0d87648dfc5fd78,0.842933357
8c59bfc1aa7b42cf882806e395ee4fec,d53fa54d5536463ab0d87648dfc5fd78,0.896008492
deb7d97e50b24c63943a8af997d083f8,ec07b4e88bea4086a5eafed96d81edb5,0.967209756
8ffc24d118e54740a39563141f642fd9,ec07b4e88bea4086a5eafed96d81edb5,0.894252479
ff75e5d8a9bb46c9b12855ec33529f3f,174581fc299840e18e827432c0cce4dc,0.623289466
c2b4fed7ce5c4e108721e62f2bfbb819,33b5e2ae5ebe4f548bac3a00ab0a59eb,0.89600116
ab1c9263088b477082ee7d7c6f73b671,33b5e2ae5ebe4f548bac3a00ab0a59eb,0.808467686
54e5b71847024cdaa9fd8a7d3fc3ea03,6c79712e67b54dd0a11d426a91207939,0.86654681
f124583fb5cc42aa903308e1b43296de,6c79712e67b54dd0a11d426a91207939,0.910857856
d97ddb9bd5c8460ab3b3a13992c1f179,0433768f874042a5b2d2e37ad9deae13,0.901958525
3bb97a2804c84688a699e6d6b97b5e9d,e6afe89ff7bc491193141c057083d8a8,0.97038877
929038d5c3ba4b189fc88a3b127ede72,0433768f874042a5b2d2e37ad9deae13,0.910595298
1d36cd75ee6a4691965cfc6ebdef6a3e,f92d16d3a970487094292439c3e00923,0.645074189
7baf188fc4ed41ba826b499b6d495286,f92d16d3a970487094292439c3e00923,0.789947271
6a314fb4bd0e4c2097e70bd43a81fbb7,797cc520b8c94d9bbef187818ab51647,0.863294065
9ae6df3c8f2549109316a434d1741a53,797cc520b8c94d9bbef187818ab51647,0.948778391
2a8e892e4b784abf8fb9fd55fa443335,87fc1d6a57ea488786caaec8599c3b8b,0.92694366
1ac66b061b80428b8b3758bc6dfa066b,87fc1d6a57ea488786caaec8599c3b8b,0.881484926
0d4bb3432ea544988cf3bb308b46c8c8,a297e08effdf4a69a6c4d79a34a0c6ad,0.947283685
2b4cf2ff830e462d96c8cfbcee5669da,a297e08effdf4a69a6c4d79a34a0c6ad,0.932331264
2390c8a3de9e49be9617b01f4f21dfa9,ee337b5c1ef3431e9c120250bfec4cac,0.783254147
e37905b36c44400c9dc7bc0c71a6db51,0bd1cce9370a461089e25393086800a8,0.801255226
a9bb430482a1442a958b35a625eecb97,6f57d1175ad243edada61643d01fcd54,0.746767342
62c71ed913414a6f9456293a4c566314,0bd1cce9370a461089e25393086800a8,0.936103404
c647312353a84341a92cd4486a8b9c3e,6f57d1175ad243edada61643d01fcd54,0.724401772
cc3afd20f236454a8f3a9ff08992daab,e96fae6d607246b18b8494aabe521036,0.786574066
1e1ec51c4cb84f3285f79f7aeb252500,65e52d14d4d64d4fbad3de6ad319e745,0.757213175
082920d4f79f4c5eb2e805b195ac3e89,65e52d14d4d64d4fbad3de6ad319e745,0.66403836
a1b386e9b08e402dba0d820140ba1a00,29088685e31a4d86b60b514e98117361,0.751956463
0fed5c48002b4dd1b3ce42653a372fe6,cb2e893276894906976593c3edcb3a5f,0.898575604
5b5008e2d4f7492abe1ff44e2e3e754b,cb2e893276894906976593c3edcb3a5f,0.937447488
8e431e5ca5dd49a8984118e7fb05d12e,2839430464164d5ba00713b42d4d96e4,0.988353193
142af56a899c43098ec79a3f762d09b6,2839430464164d5ba00713b42d4d96e4,0.986943483
9f14363158ef49309f13b2aa0692d2a9,61d2391e8bc548b6bfa08f1ef2a0c47a,0.718416274
ebd3c9006cf5464190f7a5edca24f0ba,61d2391e8bc548b6bfa08f1ef2a0c47a,0.725041509
0135e10058cf48aa847fa399f62df6f4,90b560de76b149c09c7cd6efb3f12cfd,0.933375835
2e9dbf0f864548ae8bc35b5c0d70934e,b3f8b4bec0164d0e81997b4f5a277e8f,0.900779247
1db84228548c42318f1a33456931f361,c2a665cec90e46db8d2a74389beb4649,0.905797184
1b5bba6ae5ff4f568094280de0bf2c1b,c2a665cec90e46db8d2a74389beb4649,0.8308568
7265c466b8cf411cb462945d3ceb8145,b3f8b4bec0164d0e81997b4f5a277e8f,0.636961401
bca392563d0a45d594ce43a0c540b7c9,68aefc97056440af874039a28497cf98,0.954522669
bb39e720d9cf4df1a19e4ab20285bf18,86179aff3df24ff59b11e9a34974a3f4,0.982581317
5c427d65b21d4bf387d1885f334834c7,b6da55bea1244cf0a753b258420946b2,0.97141403
141cab6e49204199a8fb74a74fa8165a,68aefc97056440af874039a28497cf98,0.956212163
7f90d0a672a44046bdf2443f14b82cb9,74bd120b8f714d03bc9dd1a703fe4d7f,0.965144992
06aa6a2cf00d425998b1a815f23a0094,9677dd2a3aae457a8079087ce4177e14,0.795832098
54a2df3aa63a483b8e33322f74c34dbf,9677dd2a3aae457a8079087ce4177e14,0.781592488
e2d1cdb4f95c4f47bb20f91e77f469f2,74bd120b8f714d03bc9dd1a703fe4d7f,0.744938314
ca37d7b02d7542a0bea6535a0d193dbc,6bedb2d6ace34e18811b7f1206b2d1b0,0.900260746
ada916d5f8044eba9ac39c104e27f797,02641488de414b72b63f62b40200b101,0.9686203
985e9b4be1fa45b19b48cbd6b1d37764,02641488de414b72b63f62b40200b101,0.928076744
7b7e0d3f38a3435a83b8d6fb5aba99ba,f6061b71031b4ddb9384f86c103690a4,0.86419034
acbc17523c034d799301828aef6ae58f,812a1568c77d46e695f8eb7357e24a0e,0.571861804
68f05d38644e4af6a8b6cb1bef20c57a,f6061b71031b4ddb9384f86c103690a4,0.666251719
e34f7090730d4eaa871618aa8bb5627d,5cf392f15360460bae6a6b0182bb99b9,0.760448575
aff084577eae48fca44757575b1848bc,812a1568c77d46e695f8eb7357e24a0e,0.835384905
f4763c7dac494231ae593878b63b4961,eff24b01b2f5428baa4c3fef6cb40d41,0.937660575
adabb6bfc633432cab9ab674c1e0f975,01bbbf1caa554d94b5decb69cc1add41,0.948157609
f9d7f4db082c4389a2bdcc19d6d92cba,01bbbf1caa554d94b5decb69cc1add41,0.937372565
32ae3069da404e6f843cbd95fa018a71,eff24b01b2f5428baa4c3fef6cb40d41,0.951283216
605d42bbb0154c76b70114f63b807951,30c71719aed84c07ae21d0eff0deed72,0.538376033
19805d9c7c944703bb05511bc3145812,30c71719aed84c07ae21d0eff0deed72,0.959086359
9d58ebfc8b864b49a9c970a667fff950,30c71719aed84c07ae21d0eff0deed72,0.967825353
5e1395d13dc84b8abd6f0452e25b3a7f,8889c114b071429cbe2418f5b0f2024b,0.801365256
df7a79cf083f40ca846761b9760fc72f,e343a998f4df4ac195c84e0fb571a393,0.966264427
489108f0d3474ebb97eeace77d5bcece,e343a998f4df4ac195c84e0fb571a393,0.890572906
9cd6d1191c914787875042fd76df0c35,8746ae2ca7514699b629b4d9b5fe95a7,0.856951892
77f7e4ffce974b33ab54c80177a1c9c0,a0408a6462b24cf18e50a8616359d5ad,0.880741119
27af2d56825b4ded843852cb1cbe3494,8746ae2ca7514699b629b4d9b5fe95a7,0.65205431
7a09c2cc2bcd4fbb8b083d6f02a88232,a0408a6462b24cf18e50a8616359d5ad,0.768046021
7d8239bb435749bdaaba93674e4c0b98,f8856799293e49feab6368e794eb8b00,0.553781629
ae918c8fd007427fbc53dbaff23eddbe,f8856799293e49feab6368e794eb8b00,0.590563416
b30bc5f593ba46bc8b6fa26692576484,babbeca1f6a244a2a11ea77a3855e70f,0.924846113
8b8fe37d85da4a28a5c27452a42435e6,0b57f893483647c3aed811775a4c4c04,0.681496501
a222b9dea1384b57ad0fae45ff950737,0b57f893483647c3aed811775a4c4c04,0.853794813
043d64050fe145349300b95379966923,2070754bb5dd4a248be9c2a6a1a9d381,0.822949648
ab8935721e0240089dafee6f408c220a,a055f8188384479a8bad418f7dffd9a5,0.637782574
00d0f767535a4289833325887d72e3d2,2070754bb5dd4a248be9c2a6a1a9d381,0.804895818
1d0c8e601ffb4534a871d984ad842a4f,a055f8188384479a8bad418f7dffd9a5,0.980407298
ebd87dca48ae4df38943cc6f9b4f2912,5c8a8b7a59c54b9aa7b7136fd91b5869,0.659025967
558c6735b6104bc98ca4b2db381640fe,8fca2e4873e946f7a788af2b846cebd7,0.917850077
6064cb0ed7d64bde866fe6ad42b6ede6,5c8a8b7a59c54b9aa7b7136fd91b5869,0.775914431
cf344978d7a04303b41fa8b37a18c300,8fca2e4873e946f7a788af2b846cebd7,0.956560969
e8f38f28c61d4444ba078fe27ebcbc24,9094e936e13641cc9bfcc7dc1408d86e,0.958882928
7a0163f3c4484730b1f7324ebf67cd09,9094e936e13641cc9bfcc7dc1408d86e,0.976439774
4950b6a47e8e44f8bbb0aac7868f4b36,4e7ee74be72a461fa02fa61bee62bdcc,0.70022279
4c620d71caf444eb9f723cc29094dcc2,772cb9726861451d9972604da6f65c55,0.9073897
1852c13dfd984c51bfb11e6364bf47ba,189a3b686ad14c24b5e1a495f76dd239,0.981205702
0e088d9c189b42fba49c31c41949bba8,bf789f42ccfc42c5a330a3f6e30ddb83,0.532046318
46422438d0644a1cb590332f27fe002e,bf789f42ccfc42c5a330a3f6e30ddb83,0.882027626
968aaed29a304ba7b1a1990450602307,37ae696e40dd42ebb4738722daa3c523,0.896105647
f3e1733712aa449e916483279ed84027,bf789f42ccfc42c5a330a3f6e30ddb83,0.945629776
4fa08d976269478fa124bfa62b83982f,66cba49431224a3788f914d6a80165e1,0.915185094
d9a90abcdd1d474ba4dc176d544afc6e,66cba49431224a3788f914d6a80165e1,0.981716037
a340c00c29c84c2e841e61bba8c9b67b,bc13c2b0221744a29a8ddf56aa015df9,0.726780057
ee8c72e038f140a5bc9cb4770711253a,ca0fe2dd97434e2ca7aecc38d4f1fcd9,0.948226035
1a24459300a447d3a68d04bf7b154891,99a52c93a3304ec18dab9206f98f2a8b,0.945216954
e6c222899c8948ca8776d43041023512,b77d8b7bb0114c379139d280a9210e83,0.940228701
406a4cc04a7b4bf1bedba252a370170a,6c874292dbcc49ff8bb8bbe5643593a5,0.81388092
9536a093de5c454f8107c944fdbc4de0,b77d8b7bb0114c379139d280a9210e83,0.810299039
ee26c03d830d424ba086d493237a5c76,6c874292dbcc49ff8bb8bbe5643593a5,0.661967576
f3ab568e4b5948f9ac5e94ddaf848ef1,051d304b7139431fb3bff19b4e75aff7,0.912990332
72711fdab1134c6c884778196c514a78,dbf0926f9f344f1d88b114660db4d2eb,0.954385102
b40b5c9909d84456806fed5c7fb41ff3,051d304b7139431fb3bff19b4e75aff7,0.923937619
47b057e77a1148e08d82607a8ba8b64b,e8f18e4bdf054390a1768978dca8e430,0.824989498
d004772f2bcb4290817f8a5eaf8e089e,9909a671f7414c19b2727e7d4d4dcf1b,0.858570814
c5cd895ffe7143f7b76b9704dd73a0e1,e8c8742459dc48a49080bf0e5b3fdee0,0.993556559
4fdf4fbcd0c942659a768bc44c26e36b,27a67d3e76814297aebf64e03d14c336,0.919989467
e713b8481db84ce48754efe4036cb367,27a67d3e76814297aebf64e03d14c336,0.794649363
2c6a9ad5618343c3af68eb2b03c705ca,4c293487c809486585d65ed10b2cb1e4,0.830797076
a140cb170b604376817a046b5c07af44,67984873125e4a0f9562179c906d1b0f,0.787846923
0b381fa026434777872d3b9ac3c227cd,e2769c67dadd4c988f7ccf249a998a56,0.942825794
125d9c4bb335433bb1a04d677002207c,664da77d25e74df693eaad44a5e7617f,0.677048683
dc06b2fc4efd4a42ae957e86afc762c4,59e4dcf2794943b18fb902a6eb475ff8,0.941987514
ee46cf904fbc4ddfae1da60297817b48,03df72bcf3504272a27f4bbaea89118a,0.959077299
2d078fc2891f4628914aa44ba8603a04,59e4dcf2794943b18fb902a6eb475ff8,0.927177012
e394d55c1e79420f832b2aabb8a96d39,03df72bcf3504272a27f4bbaea89118a,0.873176634
946d71a18f264ed887f55c1a9a2ffc4d,26b18153216b48d793b75598ddb54d77,0.942946792
e89b67fc618f4ccc84877eb31c645e09,26b18153216b48d793b75598ddb54d77,0.951950252
bc267c43ca1f44febd9e7093727ef543,4a7fa5a1bafe4b6995e2920444ac07c4,0.79949522
01ac8202a1f44b648edeaa48d9b3be1c,4a7fa5a1bafe4b6995e2920444ac07c4,0.958404243
3f6590287d024cde9a430ca74bf005c7,8a464aa9e2ee45d0abc7ae6181cd1bda,0.85621357
c293e0f7c0da40049992e9ce791370db,2939ef012c5c4a1b94b49df9469dfb3c,0.728674412
30cf83c6a107496a894c8ee50f9b6941,2939ef012c5c4a1b94b49df9469dfb3c,0.677069306
0cf92dcb9bc94f0697e76d4ccdd96aea,8a464aa9e2ee45d0abc7ae6181cd1bda,0.923466325
0defb2dd1f4e42b8867d78c68c45bf69,14ca42308d3141fba50b774042144343,0.939489365
7e165023b13a4ea89bb41b86336ed275,7f0b453cc8c14156802497f5cbae9d62,0.913892627
bbd916e845d14857ad0f48dd4693ed85,673aee19895b4d339ada93213d8874ac,0.993871689
e74837fbb60c42a4a65d86d1568b4649,b7f5c165ea2242709a2fb71f3a3f1bcb,0.925485611
13f2026fed26452685621e4b5e90c497,db2466dc7da64ac5a2a21c20ace67856,0.700495005
72772d2296a24491b21db0cf0ffec2cc,4385ac4645b34f3c8a44c4676ebcd8be,0.798804998
3c36c01d06db430891436e7338519629,4385ac4645b34f3c8a44c4676ebcd8be,0.800592482
27f5e7c9028741ea99cbf424d87b7f8f,15b7b988bba143989cfd98d5c6c4d203,0.806017518
1ff1f628d46c4fffbf9a44323220d682,b2bcb4d9456c4763a0159ffd1f3660bb,0.945686102
d12ab20387aa452093121c89f55faef6,cb2505b30d8a4dc086c353cf94424b6d,0.908267617
cf7d4b9d3c9c4789b84574f7294511e4,b2bcb4d9456c4763a0159ffd1f3660bb,0.914418399
ebadbbba9888428c97cd7f6f9d614d2b,cb2505b30d8a4dc086c353cf94424b6d,0.879655242
3ef127b149d24d42a5b4d73a369daeba,8fdee0611965465eb45387b8c39f4136,0.782505333
86cc05a71e4440cba336690dfa0149ac,8fdee0611965465eb45387b8c39f4136,0.755828738
dda93eeaef8c4891aa99f6851955606e,3aa003c1e31b476e999c3a808a1d5dc6,0.97098273
1c7e49f7fcc1484593f48dc107e63996,65e30dd62cfa4dccb9ea4d908a9d6fab,0.945538282
01b3be2b5b2f4891ad053f74f427514b,3aa003c1e31b476e999c3a808a1d5dc6,0.972044408
6da229c88f574b79a9aa35557565a86e,4230775a9d51448396cacb9061f0e5f9,0.799633563
692f47ec6a394c83acb7708bfd6c7c96,fc70a4c2c4834e0eba1a14470f563b03,0.940646529
f880dd7555534b77bb131f2d6fa4ab37,4230775a9d51448396cacb9061f0e5f9,0.77771467
fc88a18e8b6343d3a58e4aab7a84620b,fc70a4c2c4834e0eba1a14470f563b03,0.926698565
b715f62fa2f14ddeb98cb30d9c54339d,3b7d56c26da14b3a9b1cd52b5b35891b,0.861235142
07cc561ef3f04e93a701b6919ee81175,0228b1e9e3244da3a727930123ba7bda,0.97187531
cb80f73ab9454fa798342057923edd40,3b7d56c26da14b3a9b1cd52b5b35891b,0.77454716
c7fdef440d9345c6b34634ef46754490,415641aa43724ed9bc4710302b77edc3,0.95314914
f94bc288e76b4781b013d419ca5295b2,f4b7e6e902e344859cb041126b69ce3c,0.971581042
c6a1eb4b8cc74dc0a3d818ef10b1b04e,415641aa43724ed9bc4710302b77edc3,0.792844713
f34c07d2f2ad4b4fb027ab3f4c68bffd,f4b7e6e902e344859cb041126b69ce3c,0.833990455
bd6f2e8af94548da8676de16a6853e69,d87e5facd03b45f9829e8a1cd0fe0190,0.520624697
af596599aa804ad2bbe10c2ddf0b3e34,d87e5facd03b45f9829e8a1cd0fe0190,0.531710744
680120b1438b42a3acd998a7e00f02ef,d87e5facd03b45f9829e8a1cd0fe0190,0.927600622
5d17356d82d74aa3a6e6f979ef1796fd,d87e5facd03b45f9829e8a1cd0fe0190,0.977762878
6b3c7ce1b5524d3e98acc2312a661188,d7618b61a65a4bc1a0d0f2cc1bddc448,0.963964105
d31bba63f0c74cfd9135ddb2ec58f186,716a15d66b63424a8068da89e75733b4,0.968427002
33683cdbfab14a3f8b56e5f75d2b3d00,76e41369a6794714a9fab6968839bfe6,0.93265444
cbb9562935ed4ec7b4fbd9c04a1c17c3,76e41369a6794714a9fab6968839bfe6,0.778408349
2093ec4e54224ee59a6b3df761f52ad4,b64cef9df31c4e92a7b7ecd42f74f396,0.876716197
034598db2c774843ae5b70f89a468dd1,8c7c9eaae41a44a3a4ebe39ce167d300,0.927129209
e1b0c09a4b5745ba87cb45d6b31cc047,b834c0b0c10b471b87ad3f11468de619,0.636471927
2ee4e4c157314893ac1677408acd1e13,8c7c9eaae41a44a3a4ebe39ce167d300,0.924479485
d2d1bfd6b701442bac97d11e1bcdcbff,b834c0b0c10b471b87ad3f11468de619,0.585891247
6da4af4998924e888bc085da81c883e1,0f785440b29548e1a1968868262fd42e,0.975876689
62a839f4213d46759d8133e354ae93a4,0f785440b29548e1a1968868262fd42e,0.970186651
f22180d73d204b929c77cc738c93dec8,c36ef11228124c438ed3256c9822b03d,0.902730346
b43451e5261643dab9a0627813d31785,7627d5e28ba74cbeaf9225e88a7a44cc,0.700499713
89b4973e66414223af70d8648086e97c,7627d5e28ba74cbeaf9225e88a7a44cc,0.650322616
cca9ed42ea00433984410ed65b0435fb,7c1126d46a934db6b951d1e98feae327,0.828502715
ca3ae3f2f83a4b709148933472566ca6,c36ef11228124c438ed3256c9822b03d,0.715730309
77823865299d48ddbce6d7d7e199814f,02a3cd76ce534d188b4d5ac4778bd652,0.905077279
4a03d80a56a24730b633957fa5195cf5,02a3cd76ce534d188b4d5ac4778bd652,0.936244786
ca687051622e4c35823d965df0139509,e2e0c8c96aff4c00896ac6986bbb20c2,0.847714782
62cb56b35d3847a2858dee237b0a7f1e,6252aa87531748e5bac5f6c65fc87e14,0.890374601
ad43fc3957284bd78e7d7c9aa5ab29c0,f5a9583711fc4ff4a46e85c24886b234,0.806427896
5871998e8d6c4a9090cdf17915017027,f5a9583711fc4ff4a46e85c24886b234,0.8875916
102f600a8c1740ac8a06de1b28c5904e,268f8ec9f2734029a8e75857db56ccb3,0.743765116
ae0903a7f3be40ce83442e458496fd29,30f654c6e69e48888f9f42dd95ab3c77,0.811484694
f9be6242a66b4efabd439a28435cee95,7dd5e88dfdd24cafab2c765939757354,0.915313661
10ef6812f01b471a8e48fa8e99c81735,268f8ec9f2734029a8e75857db56ccb3,0.734028637
fb5376db56af4ab4b8ea6d46d191ad26,225818abe99e45a0bf5b0b3ec30db76b,0.977085412
a0e60ab432b94ba291505c129ee405df,225818abe99e45a0bf5b0b3ec30db76b,0.948782206
0d29840b4f2a46659bf734b51438e6ac,cc243eebbb2b44a581745865a60c423a,0.833088636
62865ed38c05470a8919d1070402fa6b,cc243eebbb2b44a581745865a60c423a,0.850399375
09a6f25650ae474385eb70217f8c4843,01ffceddb5b34406a08bb982b424b3cf,0.939299345
86e1bd5f53b148b9a9522847363630bf,01ffceddb5b34406a08bb982b424b3cf,0.982544065
aa561064498b402993740579853c84fc,2b3ecf8be2b242f3b8a1e714390749fb,0.910764933
de4bd1f38ae04b8da3f5f36bea97276d,e4e12f4711fd41e39075e26cc274df45,0.863299191
3dc160c26fc64d45a5f1e9756e6b1025,04fa591263664fb0a6868552ebd3590b,0.505890608
f7cfc69b28204d1681a71216a3dafbff,0eb119aabc884795a4768c6d3e677ea1,0.855548084
7e5d9f74b6724f59ae0911894a898253,04fa591263664fb0a6868552ebd3590b,0.784371436
966a64e7651f4b2499587effd1600e97,04fa591263664fb0a6868552ebd3590b,0.588918924
7b04ec5b87214c25bd25268652df3829,9452a2f21f7d4feeb2605d9b6647fc13,0.866508424
43fd128c97194d88bbfe7be91fbc67ed,9d09e3cd382c4d0ea0f6f50261e3e4c8,0.922797084
8c3f25890eab46379974ac593d629515,6c51b4f57ba0415f994756e944b11cee,0.531238198
1dfd4a798f224e88a6b4c2980cb31c82,6c51b4f57ba0415f994756e944b11cee,0.66821903
9174a7587e5048ec86bec7afe80e268e,e4fcd30261804b089efa940359057ba2,0.658228099
23e5bf15809d4629abd7ff7c344b1ce0,b98519f97e424c1389f5553f0869b15a,0.837242842
f2a05ceedacf47b598b2cd3dbe003966,016e634d566b49c199d07357aae9bf33,0.882505834
764c5cb76dcb4650b8b0a50cac981edc,b5f237fefb38465bb6a068c9cf75ba31,0.849919915
c50ae9cd7ac5469daf32b2a1a1d81797,b5f237fefb38465bb6a068c9cf75ba31,0.499050945
e9801f8810654cacbcd517b25b89767b,016e634d566b49c199d07357aae9bf33,0.892182767
f3c68b7ff0f344569399a04bbff5d1da,384f94503bcd4f4c863056ad69f45b43,0.57571578
ab0c7be344d7444bb59fb3b065a71c88,384f94503bcd4f4c863056ad69f45b43,0.55782634
b136a0d13d7e431a94e54f2a085d5f52,384b14b18c3c43b1a4dc1aa2f661e076,0.871599495
210a3e79a4a149179749cd7a5b127f63,384b14b18c3c43b1a4dc1aa2f661e076,0.882056594
2071beae14fe435b9e3943e22e8b430b,f6207eb593394ff78e2cb35057477422,0.98291564
40eb15fd325c48bea6a7988ce40cc33b,f6207eb593394ff78e2cb35057477422,0.948009849
7be90785152d4e01b53aa4b1f3c74097,ef8c056ecb524439a48c881089537951,0.963809669
61e3c16563b44edb85bee0caf5de33b0,ef8c056ecb524439a48c881089537951,0.935045719
79dc8e29d2a747c793ab1fe11ba6045b,43464ed6733f4642a0b90e7d995a5e40,0.691215098
dfc436b508974e349cbf602bb7fe9b7a,00fb3a55134242769182c520d55681a2,0.952350199
dcd99427d6e64ebcb3af1982854aa02c,00fb3a55134242769182c520d55681a2,0.717340767
c59bf6abbde846999988749ad22b52d3,43464ed6733f4642a0b90e7d995a5e40,0.728300154
a386f6b172a740989c390780b3b856d5,6732de8994744decbb3306c74aaa7882,0.974447787
ad563855246b46adaf5fdeecbfdc081b,3e4a54908dde405294869e30a92a7623,0.762374341
0485db5bb76a491782e78c6e98f4c913,514537782f6549c488a1b932939b4128,0.980311394
38535cc9165a4684af9a3ee208dccb9a,b2992fe473124dd0b895cf81f59f6db6,0.698870003
7812e64c9f5a45dea8c59e366c0a1b2c,67dd23cfd20f46dc82acc82c108a1dc6,0.830888867
e0cdf7eb868e4cf28007a946c4dcedcd,36ac84a73ad34261ad45cf569edb60af,0.762337148
966272e605644a9783d154f8e2038dbb,36ac84a73ad34261ad45cf569edb60af,0.749518871
9fd9ddafbc6c43a9982d0ef0dcbca940,b2992fe473124dd0b895cf81f59f6db6,0.737622023
4aa3ef7644b6471b805cdbce95bcc6b8,6866efc8987a4ec8b04b7abd28fb5777,0.963723838
d19e7fd5a62e4d28bb80ac4eddf34d1c,ccb62901750b4d13a922fc161b607f83,0.953955591
26da5929257a4a70997444abb7ed9998,ccb62901750b4d13a922fc161b607f83,0.749154866
9538feefe1d84c03874b872ae3f48947,6866efc8987a4ec8b04b7abd28fb5777,0.957395852
03b02260fc474ab29d5d6a1398847a2a,4285b02dc9164cb9bae36b0566bb42f0,0.934538543
f19622c340af46aabec5a3eebfea35fa,9a500a20b1ff4694acc31339a8d1349e,0.78197819
b2c57f611c954c84ad5bc681d1798dee,4285b02dc9164cb9bae36b0566bb42f0,0.940290809
98e31f0110bd4082b8a9c780c4658d5b,f439b5616ba24b7f82eccfa095a0eff8,0.841240525
ba97c80ce0a5461d938b43cfdc812679,f439b5616ba24b7f82eccfa095a0eff8,0.795510352
eef39c9128b1421cb4e7b9c83fee0c82,df5ca61304074da1bec8f536ab50baf3,0.87145412
8a738e1a32764f6aa0c264a4a08e2942,df5ca61304074da1bec8f536ab50baf3,0.863997281
173559035aac478591718da5062ea4e7,5e2f1a45f7174f1aa39a194179985876,0.744090974
6fb705d0d2f04e52b810c48e7fc82a2e,5e2f1a45f7174f1aa39a194179985876,0.737985373
709e314fe2f6437097221a6c9ab0dc69,c74557a980e2428a9ffcc245278df692,0.931352556
f23420a6638046f4b1536f73bc2e0cb6,c74557a980e2428a9ffcc245278df692,0.494248778
1d83fbe02659440394a32de73b6c18a3,e9428816b054499298745b742f128f65,0.970955551
3cf470f9d76e42a68e48c748b6c793fb,d60986f4025d443ea58adba0e3d224a1,0.978619277
168e52d4211e47f9b447e33469c72127,d60986f4025d443ea58adba0e3d224a1,0.99004209
2cff6320a7ec4c2aafba5c1e3318ddee,d2bcc978e7aa49908919d9fc40138b27,0.564953685
abadadc5b9f748f59edd8d3abb4d3a01,d2bcc978e7aa49908919d9fc40138b27,0.51172626
2ea6bb0d68e4468e86828a584e75bb42,99830b8da7c24f909914f7bb167f3ea6,0.568567097
c601d5a9e45b400ab8ffe8a62cc6dd5b,99830b8da7c24f909914f7bb167f3ea6,0.761659205
af9775f02cb64e7a89d41bfd3138d87c,511fe9c8b20b4fda94969745238c9474,0.56018728
6e03c908e766447c8bca6c98861b5a60,5363ae1c905d4879a63259de4954702e,0.948087454
44483008955a408db228e36e7af53fdc,295d0d40791245ff838c73a2aa27d065,0.679182887
42507e0cf2f146b4a2773c26d941610d,295d0d40791245ff838c73a2aa27d065,0.839084625
fdd87abf600a4abaa1d0210384b5076f,5363ae1c905d4879a63259de4954702e,0.829223812
bd2ab791b5d947aebc36dd63a25b782d,f65b6fb5b40a49d1896de7a115469d40,0.891601622
f97b6d6044f64e668c6bfa4856de6e2e,f65b6fb5b40a49d1896de7a115469d40,0.858674288
dbdb837b049042bcb0b995828a1463d5,a70909d3ce0d4235913b5ce6a138dcce,0.71954149
e4e8bbb77d39441f89e7899ac799567c,a70909d3ce0d4235913b5ce6a138dcce,0.676782846
884628be75bf4632adba41416b2dcb2d,b6c493a3666c4db193e86c79faf099ab,0.941214979
398185f5bc8c44629ec6d92103b2a26e,b52468fc0af2435f9ba91939f72bbf6a,0.964364707
7881cf6f764e4853ab524e92060b86db,b585a2970e9f421da236241f603883f2,0.781659126
b5a0c3ca548c404e8f6ce3bddb0642d8,eeca68825e2a4bbdaa5ae962998fc33b,0.676937938
16b427f91adb47be8f9ef97448bf84da,b585a2970e9f421da236241f603883f2,0.691528261
a9f8715606d84f499a84ad01589fc4b3,eeca68825e2a4bbdaa5ae962998fc33b,0.654141784
fd6075f13adb4cdc8540f83b192abddc,2e7836ee5e5144f5b63e6629b969a362,0.94589138
b7c34ab8ac2b44a993051b96fadef9cb,2e7836ee5e5144f5b63e6629b969a362,0.951781571
5fe5888079644c41b966985f5b572f9c,bdb0d45caa2a4943959f8f501e51132b,0.555238843
e850e901ed844eacbf240b4358dadc9a,bdb0d45caa2a4943959f8f501e51132b,0.912951291
07a659cb697144d5b174a3c714670fcd,cd764fbfae774d068af7549c648a02c9,0.869771004
1860486ceb1947ea93fe348ae75fe1f2,cd764fbfae774d068af7549c648a02c9,0.920895636
40f9434041994e2ca0b5307725fdd4bc,c24e3823376b436c8eb46eaeebbc7718,0.896129668
75978aae26274d9b926b0b08cc16950a,66f4c650b7ca48f1bc27f9daff8d312a,0.924919069
7fb1043e17c142cf8bc1704c263ae9b4,f5d09519cf7647f8a107cd8fadd322e5,0.935282469
13a4af2eb59944b9926a2ceec4e169fa,cd764fbfae774d068af7549c648a02c9,0.681930125
7c0b316dd59246b4ba2bbf879d7c9d74,f5d09519cf7647f8a107cd8fadd322e5,0.88448745
9adf6404c5364c9da78b1c60e57ed94b,f879b316413f45d2b64bb25e3f45a667,0.652832031
d1c6d2db55584c7e9425bce6b4029bcb,2fcf4a04d3654ffb9a5c1dfa3799e4f0,0.715011954
6a4118df6def4cfeae3bb62650bcbfe1,2fcf4a04d3654ffb9a5c1dfa3799e4f0,0.905378342
70e2b8adca1a4fae93ba2708abc854fc,2fcf4a04d3654ffb9a5c1dfa3799e4f0,0.732138395
44b51300330643689a392e7b77ce78b9,d716ea165223433a8d49b93e96989482,0.87449342
a59bcbf84ffb47d0abaf3c42791c4eeb,e7ee85dd47ca43eeb2fdcd70b802f0ec,0.919612348
b0133b20a5a9444582fbb510d5158e94,e7ee85dd47ca43eeb2fdcd70b802f0ec,0.636098623
0c4c0aa7638b46729b25d811b58820c2,1f3cf50fe1f947d8a56e02ebca441c4c,0.923967183
077ba3ca8b4f4aafa1c3b07a9c81b87f,1f3cf50fe1f947d8a56e02ebca441c4c,0.905434489
343fdc468034438c90562b6db6f39797,d756970269e9443fb9bbf645a96aa84e,0.961186409
906efceb3d96448092f0c58433b87e1c,d756970269e9443fb9bbf645a96aa84e,0.974444211
e1236162007c4212aaf19e0771d4b741,74644c8cc17449cf89379868e7b21398,0.976443589
00d00578efec48fab535293ac554abc7,74644c8cc17449cf89379868e7b21398,0.978277028
cb31998c075d450d95c9b67944dcbd76,13e659415ac84c7a81fc769111d43417,0.915156484
b3ebec0b824f4a8a8fb8920f8441b6fd,dee9eddb2eac41bfaf36d3279d43674a,0.817661703
4aa0e4f3efc14a9ea0bce80841eb621b,13e659415ac84c7a81fc769111d43417,0.93313694
497a54d4f7074270862214aee7e64871,8dfe01febd46475ab5aef97033716ce1,0.968487144
1916331efe4549b3be624c41a1538927,daed5458403e49e3aea72f4bcc6dd224,0.799206316
5ac53d8e26eb4e318f26ab79a0321759,daed5458403e49e3aea72f4bcc6dd224,0.78200537
80c9830759ea407a88a5484659289f5d,f1c9c5051bdd4a11a064260bbb9d6d7b,0.735477209
6d337f44e61147928e64eab798fe3328,f1c9c5051bdd4a11a064260bbb9d6d7b,0.738518476
0cdbb3c4d2ac4c828901f6bd0a6a2b2f,434551fdf9e443ed91679a9557ae6fd5,0.761415124
5f108ee31ee841e0a7a9c47cc18206be,4254f6eaaed746bea797c3522036fc12,0.652778924
747ff46c283a4c069b67ffbf8e5a07cb,434551fdf9e443ed91679a9557ae6fd5,0.598548532
8f0d666c50404645b13bfe3e66f42211,b90d74e80c37486eaee89b6fbab13671,0.811040699
6ebcf08b1bfb414a81cb644955467ddc,b90d74e80c37486eaee89b6fbab13671,0.949436784
ba3cf143599441c69bb6e84716c550c1,3cb231e1167e45f9bf5771a4e0074092,0.821889758
f9c6d687d22445a3a42bb5ef26f1efb1,4d0a737f396d4a95808085bd1306746c,0.948935509
55ff335679e94c7e9136c35ec45ffe08,aedd476072b345e9be46ebd7260e93a6,0.945268929
2d18983b2c08444f9c28b8ff9d211b4b,4d0a737f396d4a95808085bd1306746c,0.985911369
3ffce0f5b295425b9e8dcac59218f776,aedd476072b345e9be46ebd7260e93a6,0.82010901
d8a7ca9c214246edb53a05f963f18ae2,7fe9e665bf41491c9788941aa2894a10,0.816481471
57062952f9e74d028985df841b24f285,d25e6f2fc8154dd7816f8f7a41bee12b,0.937360466
5d12bfa69be74f498b42610ff9736913,d25e6f2fc8154dd7816f8f7a41bee12b,0.85848707
1ac8ca7603544075954a8714e1990e7f,7fe9e665bf41491c9788941aa2894a10,0.908674896
5c82142a41eb4fa7a6f77361c5865f55,714e47cd21e5416f864a4bc938850a72,0.93190217
7c97ff590ca246898e57f4f75c6d9880,714e47cd21e5416f864a4bc938850a72,0.923621714
b439e61143bb452198ea7179e6153565,a7077a82d2c74518b96fb45e35f6e150,0.927045166
fd60a3efb7074ef7b1e3aaf40201c970,a7077a82d2c74518b96fb45e35f6e150,0.905920029
74279677b01649fe9c9330832c44e188,0daf8d5687b54d158f7f752884c42334,0.866164088
9fb4debf99ee489098c330310de8b65d,0daf8d5687b54d158f7f752884c42334,0.852533102
22afc0397a0a4324acedfe7a1e698dc5,bbdf9065122d499d9d8f80ad3e0ef6f3,0.851907194
8bb786e1ae9e46dbb6ebe4f36bb30022,fc430b7683934be2aba12468b2409bb8,0.878380775
afdec97feacc44a4b83541c2e0c7a33e,fc430b7683934be2aba12468b2409bb8,0.916776955
8756904ecec04706890eb72f81305ad8,dbb3fe11ad004895b302a84e7c066fcc,0.56943059
8b8151048f8d4951a310c33c9a5d2c43,fc430b7683934be2aba12468b2409bb8,0.628715158
ef2a80861fc14e18ab15656a8a125c8c,b00b2395b49949508fade89bb3eac98b,0.890762448
0df6b8fc44a3430782efcbe10851747b,b00b2395b49949508fade89bb3eac98b,0.910664499
de8c81d294194b43ba2dcbc36eff8ff8,dd9e8283197b473d8ffd502561bdaaec,0.905065536
c28da2f21daf4e57ac46e2bac9595e26,dd9e8283197b473d8ffd502561bdaaec,0.907869101
e12c80d95476447dba9b11c911992609,71d4b4036e594d7399506e6fd9b88063,0.913390577
7c7d36ea7b1242068efef6a72b998b95,71d4b4036e594d7399506e6fd9b88063,0.900272667
b6031a4a73c94a459b6d26c1d8829bd0,f532294d68604bc2aa9ad8804a8c6d5f,0.986125112
cade21dad7f74878b910ad5e0060d6e4,f532294d68604bc2aa9ad8804a8c6d5f,0.983275771
21354b108cee4d5a8ea7b2d1459410d3,8c5f38853679436ba434b6a696e43168,0.919962525
e5265fd04dc84392b38bfe8ab07708b7,8c5f38853679436ba434b6a696e43168,0.985450864
abaa87591059401aa7cacf5863a34f32,1a842f077119475794cc2de48e154374,0.860212147
f94a7e7419784d4ebda0ff5f8ef3c9f5,88f796c14d184ecfaa5b0109161db259,0.843205988
cecbc55e0fe942e186be8064a4ad80bf,1a842f077119475794cc2de48e154374,0.745118856
d1c3c4008d3a458ca5c2438615c3a113,5e0a2bc284cf4002914ae4e6aaef41e8,0.884471416
7dfc06c380304101bd335775988b2fb2,5e0a2bc284cf4002914ae4e6aaef41e8,0.901273251
999934829ec2429b967f27b051da6a53,c2b49382e2f34b1c90013236a5fbaef0,0.851415098
ed4102db144043b6952d6cb9acdcc007,022e16490d1949b9ab2fc1de5a837031,0.99374789
0020ab6d2078440b870ebf4a01c0351f,022e16490d1949b9ab2fc1de5a837031,0.975098431
d3fc0aaff9224a678bb3210f1e8767ea,7c061d36393540b49e20d98086bdb5bd,0.896417201
8b37e7b8f87749c48d81e99c8d376700,7c061d36393540b49e20d98086bdb5bd,0.867524803
2e9248c10d1044a2a090d3fa4aa29fe5,91f9f8576e5142a49926bd623b0bc19c,0.917701423
8d4f78a13e3e4f569761273ba212d220,a9573f188204436090fb4a5240e4eccd,0.609054685
678907f3b26242c9b3555311ee9dbf79,91f9f8576e5142a49926bd623b0bc19c,0.908992827
e69d128634c04bf0aebd7c02e123f5f6,119a6d7b4af3458b951fc1c5ab5e1738,0.971139789
73fbb300f6aa425590b0e4d909f7a1ae,119a6d7b4af3458b951fc1c5ab5e1738,0.882548332
56efccc089ce469697f14a0e2751fe90,be8953cc364d46cebbcc2c2da2c348ab,0.645098627
e31088791958477299febc77d6975d33,7584980704ae4617bb27ca162cc9c5db,0.970934927
8dfe042169ed4a25b339fab1a8f0f16d,7584980704ae4617bb27ca162cc9c5db,0.957277179
724bf6d6ea0d432996a6179d83a8742f,be8953cc364d46cebbcc2c2da2c348ab,0.655335546
5110e733136c4f9e9e3e0388147c41d3,bfd1d441da734aad88cfacdab3ee4059,0.601855695
d627c1b3e1d84eaf95b43f0b19887946,bfd1d441da734aad88cfacdab3ee4059,0.626574099
62f80659cc834d849c6c533c0376e039,1ade4365590a4ac7865100d8c791e340,0.869967163
ed92bb218d234e48ac3d86b2aa76aab3,1ade4365590a4ac7865100d8c791e340,0.868773103
ff83f47b54ea45f188b7e4f0e1004b41,910827a15eac4e4b9005d8e46ad71f6e,0.633061945
994020e88b914429981fbfe2cfa5e565,910827a15eac4e4b9005d8e46ad71f6e,0.519459784
be1d69a178cf4f6eb0dd17f1c8ddaeec,a865b8d581b44104afe7c8508e3486f5,0.850747287
95430a01e9424f2fb85d7c054d48b095,a865b8d581b44104afe7c8508e3486f5,0.759583235
2a4d82a3bc464739aa7001ddadab5941,82d68ea370f8451aa16ea08f4601245c,0.918948889
7edf2ee95e36433ab46c330e885c1d39,199647bd1328406c83c5a875154f97d9,0.938848615
c471650b1b634a97a2a0fa5c4c193821,82d68ea370f8451aa16ea08f4601245c,0.831757903
86595c214b4d48e6bf56a1b3d810b7b4,64fc9fe3c8d5424ebc005e5cf4a608db,0.959271014
7e0717d2a2af4dd4ba5e3dd3d3f400a0,64fc9fe3c8d5424ebc005e5cf4a608db,0.960887194
5192a81fd8094f908c353ed7b3066200,fb8c2b83e46441c2aaa7c81d3642e2da,0.723691463
19526db7bf344d92961055ab7ef1879f,c14e45f5201b4038bdddddb238d888a3,0.578795195
85d7d994d8a648c5a59c2973bb1bc507,75efe5ddef364f49865d9bb283492b48,0.861753821
2103b437c3c1452a96d8e7e1e5e20cc9,32aaca2a732f4272b237374d3cdeec90,0.927021205
21b1c7bbd46b4c41a0df6625bd007760,32aaca2a732f4272b237374d3cdeec90,0.565117478
bf6b8d38a56c4b30b5e752bb54b78f62,84ff5144597241bba5cbd3d0b21d220d,0.928852439
b18687f1960d4a13bbb6477d2e14af49,63ba014f9cc747ac87013da6be0ceab9,0.965952396
d40db3ad6f6e4cb6ade7fff2ae8e6902,01930613ce7d4a5f90ccf78d1e92a55d,0.965193272
14ed0bcfd70f4e29b824ae027aa62fd7,01930613ce7d4a5f90ccf78d1e92a55d,0.875521362
8d7604f278b740d4aeacdb8878c4346c,7e190e3c05d74e6b9f103e39142c1684,0.87634027
8ec2127576a4485793b9d92153318d43,7e190e3c05d74e6b9f103e39142c1684,0.746432006
626cb3b50e974ad681234aa162f908dc,097c30a7f39a4a3abf6da2ca80cad3a5,0.976357222
94f452ef32d5484fb3f57a09817b9f1d,009be1c3430743ff9b054bdfcd6228d6,0.993728817
535a28e902f348a580ea213312ceb00c,097c30a7f39a4a3abf6da2ca80cad3a5,0.967372715
e15e47a180cc428db81815b4d543f5b2,009be1c3430743ff9b054bdfcd6228d6,0.997183859
da51bfb867844c51948b40b82c100086,da61e0de396149208c9ebd0fd6d7415d,0.927283168
ac80730acb08455c893a3d869cfc6da4,da61e0de396149208c9ebd0fd6d7415d,0.759529948
f9840dbad6f34d8dafdf0b5c3bf04cb8,530b37164090408dbab4e6da51111b8a,0.709815025
b5a9253e400f4be2a770d5cc396a168d,291130c42a884be2800e026bab5ddf53,0.846144199
7225852aa975430d8fdd288151e7f0b1,291130c42a884be2800e026bab5ddf53,0.77412957
a96d696a72654ee6b6dc50fd558310c7,c4e79c8992e54866b0c6f26c55b1a774,0.856489778
37b367fa65f74351b74612f813c76536,c4e79c8992e54866b0c6f26c55b1a774,0.679078698
08f68074e69745d0a65e386ce21fddc8,1d93c07de74c482ebf0a76ec564c3252,0.70028019
68465053fe3d4c0bb46ce2dd5bd8a32b,50aa0f56e00d4c23ac78b3e63bc0f0e1,0.52300477
893596ad13e54f2daf6287092d79d6ae,50aa0f56e00d4c23ac78b3e63bc0f0e1,0.584524572
02de17a638f94e98ac7dce22ddde14ee,5c644b51b1394a7b8fa0a9a6275c422d,0.879357278
902d22a8d96c4f0ab484d880bfc2e287,5c644b51b1394a7b8fa0a9a6275c422d,0.837916136
ae7ab0c6a5a14d8e8586a9699557a7fd,a2612682d9854a30a7684c91c8619ec9,0.939117074
b0bed57573cb454590995348d9c3451b,25afb6f7e9314af09008644bca5955b9,0.958114028
7599a56ef38f493d9ee1b47c9ae8fb02,25afb6f7e9314af09008644bca5955b9,0.955097198
5d809a0446e94ce08823b0be4c6e85f3,d476be2399b7424a88d242b771c32041,0.758852959
92568b35bd5b40c6860861e28db2deb2,9948a890ef25479e834f70944cb42eae,0.68943125
158d18f87a6b42b483a70835afe005fe,9948a890ef25479e834f70944cb42eae,0.893393219
0c0e949f7e9b48398fe5eff0d7dd803e,26e55eb4d910464497d700bfdf5a36ca,0.880584121
4ea8b345742042fd848e678d308fa183,092cb872c8724c7681c50da9c6cfa252,0.877708435
37bffb22be1b4b25a409e630b58bb3a7,a5d5fb459a1844088e93ae557ab34afe,0.67587924
fdff932278894d1885bfbc905009ea46,a5d5fb459a1844088e93ae557ab34afe,0.903054893
55c258651d4f46ba879ad04a408ca3f8,092cb872c8724c7681c50da9c6cfa252,0.907120347
173024800a4148a59d834a44d0998dbe,de1102228a324428989533278cd482f6,0.971724987
04f607a8dfdb4e6f8c795634b207e615,06b7dd1b701544ac80dd7ca54ed707cf,0.957760632
29b78bc662074f5abb91b5e7ee16deb6,7070715ef90743da8691dd4ad134eb0c,0.623237669
bf6af233a7fb4678bde3bcd210972057,06b7dd1b701544ac80dd7ca54ed707cf,0.979166567
3444cb452c4d4832b75091f5da7012db,7070715ef90743da8691dd4ad134eb0c,0.666420043
d7fcb70c976c46d3a977d1bd3acaa7b4,d7c9dafddaf547159d366dacf7b68a7e,0.694947124
a44ce941098b4f6b948eb8588bd09fa7,11e1e3cdfe214385a2c24d0f957dde9b,0.628263354
1778aabe52c7435187be3eb1461b918a,d7c9dafddaf547159d366dacf7b68a7e,0.728047311
172e27e7700f4ca399b42d88a4f1c140,1c2b01416e3943e3b3c575e53c3f1d16,0.719928801
7790838dcafa4412a5fc14b1cf3e7e95,1c2b01416e3943e3b3c575e53c3f1d16,0.669797301
3106ad6941604756bf3bd61f1cd9709b,18ab15fbf00f42f7a410ec75f7592bea,0.90838635
a2efa66a925344b8b896a8a0cfbb2661,f464960d2dbc43c0970c60600bd7f1cd,0.881851196
e4c0fba56e824b5cb4b6aeb4700f2d76,8f0e477fc779414e9b47995c0b25a87d,0.900758922
6242d18df5cd4f5cb63a1105ffbd971e,8f0e477fc779414e9b47995c0b25a87d,0.915290833
93bbe46e371c44f284f4487aa854a903,20297482a5014732a843c9fdafba548e,0.675363481
cd3c7eb34f6f4d45bcd3a71dd304f187,20297482a5014732a843c9fdafba548e,0.521486402
c900c56e641f49749087f609b8ab6f4b,13cda6e8f2d948eeb5508288a172e76f,0.538866103
f747d567755a4d7a83b918fcff6e4b5c,db69f22fe72246ea85d33991961a649a,0.931246579
b52c282983934e3699bf0c6b64dc8d7c,db69f22fe72246ea85d33991961a649a,0.885612786
c0ca3c37cd574f37a90afbcab9554fb9,3b37a4c34b6e4ca89a04da864e141422,0.799342811
c7dcc094c48b40fd94db148562b6f0e9,0a2c24dead204be9ae36be358e1223f9,0.68583107
ddd81e0cf0bf473caeae21db037c05f3,476ce3ffff564a5aa985808e7d2cab17,0.880144894
c7a7fb2ef38346cab2c63eb4b30f835b,243dbbcdc67c42bfa6f32c47477adf6d,0.788590133
53bb342b2fbb403cbc5546f80ef1cf70,476ce3ffff564a5aa985808e7d2cab17,0.784050465
320e73d1bf40458380ad0ac60af40a94,243dbbcdc67c42bfa6f32c47477adf6d,0.774149179
4a790fe3c73f4c1f9565d50067722fbf,eabdd2813a954f9aa01f0eb8212ee387,0.634010315
b374c835abb74519904d89a6f4367ea2,d0e41bf891254ba0872f1641139f84f6,0.766473055
358dc33d74d3427697ddadedc1d2a83e,5fc200cab89346658c9c91cce27e85fe,0.928969145
1840d3d379eb48cc97d68a3c7ece76a0,ef511457ee7c490c8e10eccf6e18fef6,0.931713104
11c35b811aae4a88b9417172320999bb,74de04f31db94a99b757685c91779412,0.81798631
6dbd11275bf1493ca16a6492ba2f511c,ef511457ee7c490c8e10eccf6e18fef6,0.945149481
26f693acd01d492bae2384f853a7924a,74de04f31db94a99b757685c91779412,0.791811883
9ec6567a98fa4b3bb0c40f6580f8688e,7199f2fe77824236a392e1f00a5bdfc3,0.760690451
d16732c065604317b9457f0f53b9e356,3aaea7fa41fd43cdb88f8ef59062c5df,0.877748013
805041534e3944d4bf48b927f4e971e1,ff276acede2f4c14876ef47257758ae8,0.714695394
f25d93d4fff845dbba58d34a9ba4da56,7199f2fe77824236a392e1f00a5bdfc3,0.823081493
ae2ef12666344157a4a58eb1012bea10,7ef653f7e5f64e1b8bba73b9518b87b7,0.890247464
c007e0935fe7472a9ef764a15c2bae1a,7ef653f7e5f64e1b8bba73b9518b87b7,0.627060294
62d4e090de42404b884cdf0aeea36d2d,cf290994a83e4909aec30077477b9d04,0.834847569
4a90414f82f14268928f92849227e3e4,8c674a7b65e24114a45dd3c861a7ccfc,0.926468313
8b1b59a271e64b7d92225d1479ab0fa0,8c674a7b65e24114a45dd3c861a7ccfc,0.945129752
31555c3dbb51459eb52da0ce111a5382,cf290994a83e4909aec30077477b9d04,0.924470782
e1d35002bf604e59a1a055673b110d7b,64d9091426f9461c97c98a5428856bcf,0.822824836
3c0da2e0535d4efab77b6201db1866d3,5760084aabef4d8095b2d21902151f64,0.902574182
1693abbd511b40648b18f87e485be585,19b81e71e7f04ebcbfade9daa899ed3d,0.799785137
995e4d102a3b41e3b4c81d2e30253554,f2ef424352f14dda92691047ee9f15fa,0.585260868
32b2409ee0304c6f8c633cf2838fc107,d9b70c4ed8bb4fc5957ecebf102528ee,0.707698643
38393c2659214de8b744a8747b3060da,0a61f52258f643b6a6436a1ec234e197,0.693250954
b1fb22cca72c471fbf933b076b3ba471,0a61f52258f643b6a6436a1ec234e197,0.727998376
c425735cc2d645f89ae700274561ff76,fadf133e0e684a24ac79b5fa9515bac2,0.825824916
d37fad90466d41fb99cc1281af258b44,56272326c7e94e419ea8c69fb634f610,0.799151421
8f59b2636caf43f29362aad398734e84,fadf133e0e684a24ac79b5fa9515bac2,0.917444587
92e239ee1c9942eda10a987e5a192aad,d9ac372330a4446886fa19bac0d19877,0.866653502
6ca76ef7aa7d4121a75374b29ba7d263,56272326c7e94e419ea8c69fb634f610,0.799037695
2cdba5196ffe4c8797018ef98b7a52c4,3d3e8565d2f84e0cad5ae622f2909765,0.961716831
8e69932dfcf247039202e839e2e4ad92,2471f23cb9b64d35a72deed09c9c8975,0.91421932
c876e09aeff84624b8a01d61b99fed1f,3d3e8565d2f84e0cad5ae622f2909765,0.911416054
660e576505194cfbb8e673b09a078b98,2471f23cb9b64d35a72deed09c9c8975,0.931387544
795efbe9c2fe4b3dbc173c89167f9163,3c0f3b44c0844df49b5898406fe9195a,0.86364007
2be3682989f94c34b19ee0da04571f91,3c0f3b44c0844df49b5898406fe9195a,0.954161882
68215d17cd25495b93f219bc1621c8aa,7d0190486da540718e4dc4ca4bd1f573,0.96995616
701794a02e204afbbbd3a8689e7eb5f0,7d0190486da540718e4dc4ca4bd1f573,0.981634676
fc791f8358f54a66be0e95f809bc8e2d,84581d81d46d44bc99ffb8f871646a7a,0.90105778
24729e6784174289859f89243ee3228c,db13ed5446be46269dff3de3c1bf2660,0.951898098
98ab5e0cc5f8413e993869c9729b464d,8987ceafff324f9599b842542e37eddd,0.98359251
6cd0e8707bc64b2a808ed3479ee223ab,acbf8eae7e064c11bab7adf66f216990,0.816352546
dbec5198890f4c209fd8ef08d73c40ce,597aab8bb15240f89fd1b24a8e38258d,0.815566123
ee7c4fd5b21848a380cf4e90f9f5cdca,acbf8eae7e064c11bab7adf66f216990,0.681604624
b0a8fa5a4b474306b97fd69abcdc245f,6af17cec494c4373a95865d270a29171,0.808716655
2c22ed57d17c4aa097b37805a50b9294,2c82919b038847fabbf5d13ca5ac55a7,0.978119493
ee0bdf8b7e3142509f97816c8fae19bd,09f4970dfe684b809bc0959fb62f41bf,0.957030535
a0b880f475f147f08f11e0a27dc48fde,2b039224b54142d185a406b31fe01de2,0.969601512
fad484e776d145428e5c2ae92aec4908,342aaa81ed004635bbf9cbc2592cd7b6,0.921104193
f2b99340a8304f42a058a44fd793927c,2b039224b54142d185a406b31fe01de2,0.953342676
9ad1273ff93d4e9fb7ade33dd8e0ed98,342aaa81ed004635bbf9cbc2592cd7b6,0.832885623
50cb33eef1b94f6c82103b39c1b98881,36ee1613abf245cdbe93fef69b5f981f,0.829358995
7990224cfabd448689a4ce3026d9fe41,47eb17da319d440aa52da8008c26327a,0.579792678
fde89e1ecf8840fdbb45c55139eec70f,47eb17da319d440aa52da8008c26327a,0.579865396
7141972968b840058e50af9c047f1975,36ee1613abf245cdbe93fef69b5f981f,0.969414413
978ff949184e4cfcaa6168bf5ec8b635,ca5add3cbf044a95a5bec88a5841ce98,0.874626935
e8d5f4039a4c41ca879ab577cb031ff6,8dfd98bb97584157b207e1f4be471a8e,0.938781261
652ddece31c14123bb00ca0f797d5627,c3502ff31ce6459a96164c934f297562,0.532846451
35b575c8f0a94d4691d7fa9a39e399be,ca5add3cbf044a95a5bec88a5841ce98,0.924295604
9137d9f3709b476a856868040dd81177,2c8eafa0ff26437a862dc2224ab57073,0.957140744
19e0f2444bd641bb81c4b9604f3c5b79,2c8eafa0ff26437a862dc2224ab57073,0.562741458
f8922388774b4a008a6c8d856099d30f,6bde760ad5d4485db9889b1bdc074005,0.548201084
d6305586e401475b931a4998caeab35e,6bde760ad5d4485db9889b1bdc074005,0.646874428
b1b3c914d57442e687d0d798f678582d,3f28365e18244eb28cc7d23de8895956,0.963367343
1e71c6d2af1b4a24867e8235df8f68be,0e8487b2e6a2439b9e6623a1e2e5e19d,0.978589177
10a5c96cf3974eb4a43ee1190f555041,0e8487b2e6a2439b9e6623a1e2e5e19d,0.892267644
e06807ddbe0f47fbb2131d40df566c5d,3f28365e18244eb28cc7d23de8895956,0.950383604
f191bbfff07e4252b111e35c94ed290e,40a95697730046dcbb0d7ba1fe2109a6,0.935478508
3933d083cd9e45fdb173f91329f16538,40a95697730046dcbb0d7ba1fe2109a6,0.880891085
643c0eec1efd4728b8264ce4fed0d3d8,3ec67e948e15423fac23fdd38a7d4cca,0.973793447
effe6696627f429091a6dd53f02eefb5,a35fecee62a9432da0c413f65e895e8c,0.987043619
8fb15d3cacbd407bb226320c3829b9d1,3827ad869b3740278b98db4e65c40e0c,0.949003518
9c535651e4904df1a59b82bd2baf303f,aaab880f032a4e00904cf50566164044,0.984072268
aa2f3a01706344a289a355c547d3ba1f,aaab880f032a4e00904cf50566164044,0.988193035
67c8a3a3a76f47dca5dffc57df701923,40f040fd5c824c8e8e710af1fdf70b5f,0.966605365
517a4c8e0e5e4627b780d2ab38493bcc,d9b97376c5e44d8786f861a5788af644,0.980147183
0471ac805c4b456db243f0805797f2dc,595e438d2b394bb3a3259f47efd37ae8,0.988528788
72d5e8cd4b71425f86534cb71655d3a0,595e438d2b394bb3a3259f47efd37ae8,0.918640316
7c6759369d574b4cadfde359fe6eb481,e0d8aee46b1d4d998858cd05027251b6,0.977143764
bba1dbc4ebc4401eb489ace7cdfe3d62,e0d8aee46b1d4d998858cd05027251b6,0.931931019
fb8a64be87ed4691b554bac222e157ab,6ae72ad649c54129b992d321f8f29122,0.925682247
af9351fd1bff4f5bb9e89603c818f703,503d2f067a8a4f5798b1c64b07ab0bc5,0.706758857
9a2ba0ba753c40439a29734968bde279,503d2f067a8a4f5798b1c64b07ab0bc5,0.764238656
b92407443bc54ed2805842ca07219659,6ae72ad649c54129b992d321f8f29122,0.888821721
79f37cf5db664eceb1acbe56e59fdba2,c756409435634fc48c643a64e73c93ce,0.886248887
8d3b90a569d64372a82d9a26b511d43b,b9228fdb5f0c413d81cffb51829d95c6,0.871833682
9203f26b661c4f00976012cebd86ad3e,b9228fdb5f0c413d81cffb51829d95c6,0.907261193
bbfbeffe205f44cd8c5bd867f70dc0cf,c756409435634fc48c643a64e73c93ce,0.920437098
24b76ac90a84462d903374be9d0b2c6f,7d6cdff8c9ac434196df803628fe9f62,0.678703785
dcab7d1f66534e95aab82c2040294de9,ac5a760b45c146ec840193371cfb2d30,0.956971765
432081bba65f4c408b3f3783b0d361dc,ac5a760b45c146ec840193371cfb2d30,0.868453741
c385a042fa734b73b1bcbec2e14a9dd0,9bf3b77eb9874f5f9e006a9cff111ea9,0.901070952
0b33aed54f7445caadc031f47ad62603,9bf3b77eb9874f5f9e006a9cff111ea9,0.952467263
8954e57cd5544eba8d9fec1e8cc5ea3c,1578afd6ce694d46ab6e24f965f51fd6,0.926285267
9a11a8c9bd5f451c8babd3c4dde3d9ba,c78547bdc2e64ac8935559f7de2efd41,0.966042399
68931fb463ea43e2b4aaebfa95817d2c,c78547bdc2e64ac8935559f7de2efd41,0.973008215
ee38dd3bcc4543afa6668b1cb7f04db9,191b01e1728e4583a8ead5a86db27370,0.96882081
0c11c50aaac54a2c8cc725ff6073ce3c,e903085a3f944ad2a41c37306b4e6ab4,0.764310956
b092fbf434e14ff3911418a406a68bd4,e903085a3f944ad2a41c37306b4e6ab4,0.701683879
76d9f443399e491c9b01f4bb0f487d6c,7e17bbd109dc486c8f0a76f913782180,0.947228968
1479ab485d6f4065a6b3679d81d7e6a8,7e17bbd109dc486c8f0a76f913782180,0.950462461
041fe9a0e0e3466eaee94e0c5058d4dd,ad054da7e1704a53931a341173f0605f,0.900403619
701bc8401f56437f823f5613549de41d,0971af4212484a958eb0f60f93d1dfe0,0.577447355
f9d2d9f3c3fb4720ba92d227f72aeef0,25109e3a7df549e5b380aae716d71366,0.863028109
127069977daa41d78cd4642f658c4171,0971af4212484a958eb0f60f93d1dfe0,0.790069163
11d8ba0cbe2c48568a2d0196a1573e16,25109e3a7df549e5b380aae716d71366,0.887438118
e1b3f03ec240460c895264f738a709ec,6fc7a2cf0684475a82f6ff9be2c8e850,0.731806397
e8ef2c2c7af746118efa2021eab8a25a,eee7f32249c5452ea36c8ed3a3540010,0.609769225
eeb2317fd71541c38fd867e246a9ff44,eee7f32249c5452ea36c8ed3a3540010,0.953017592
842dd9ced22a40a896de94a19a1d2d4c,6fc7a2cf0684475a82f6ff9be2c8e850,0.950867176
eb6b0705f8744b46a462efa41f20a89a,fe363cef357840fcb35f320fe7c27e4e,0.909974694
482dd5c933c94587b3946517c235aea3,13aca0959cc948cabeee0d7255f55a65,0.94517386
714cfd813314481cb74ce1598ae2d695,13aca0959cc948cabeee0d7255f55a65,0.974558234
1905289530434d1ea5a686725d2aa4a7,200f7fc78e4c403982f61b2894e50bad,0.865803242
c939d86a19284f6485029452c1dd5906,200f7fc78e4c403982f61b2894e50bad,0.89611429
14683a06fc90460097ce4e4db0e55f16,44b3bc5953364d72a53edcf9fc4f1fed,0.933340073
56178bece80e4c44a6a45d630a70742c,1b827db6f6cf4ecb850928c2f9e41de2,0.960053146
60ae797aa8bb4341829f83d0b771ab36,1b827db6f6cf4ecb850928c2f9e41de2,0.947485864
a7570f9b55c24fb0bac3c9e4edf6d60e,41047823f2cb4194ba1e0709443c719a,0.864375591
5ad1f88ed9ed488dafbdf8181733f084,41047823f2cb4194ba1e0709443c719a,0.731999755
0e302f85dcbe44f1bc67317ce56268d8,f4474150010f4021a4620372062f3797,0.933085859
392705089c6b4b8cbcde900d0fff9622,f4474150010f4021a4620372062f3797,0.933611214
3d450234080f488aa71b15f195d1b4f1,d75a52d716984f318f976bbfc7bee787,0.672084749
7adb641772574f79bca7f5c97071108e,00614d60b3544ba790dfd23dd53992e0,0.994615793
470a0e2305e5411f992154553c12bfcd,00614d60b3544ba790dfd23dd53992e0,0.632050991
f82f3fa0a3af48208d53dbf813b19b11,00614d60b3544ba790dfd23dd53992e0,0.992432952
cbd2d2ff355d4f0399b9fc51697c9fd7,8ebbcf8e4e6f400ba1839e9d75806274,0.988317192
355a18bf4bbe449086bfbd70b9b66961,00614d60b3544ba790dfd23dd53992e0,0.646710515
8801a0c028fe4b9b9621b539d7950e08,4c8476482736459881e2a3b0509ee103,0.563410401
ce2ca433804e44b4be720751273b782a,4c8476482736459881e2a3b0509ee103,0.651034832
4ea609e9602a4aaa8629b2aa624b0175,133bfbe9a7c741fcb638ecf1b0088213,0.615387976
cfb9a2cee2044f5e9cab9a1ec0394c33,133bfbe9a7c741fcb638ecf1b0088213,0.641516984
91753f317b7d415d93dfbb79291ce529,b8da01ceddcb45a491a288ddbc658e90,0.702324212
0f94a6fec9304d4991a954ceb031f5ae,d65e3a3657ae455e954b6d7221afc84c,0.897410154
15a8c430cba44785961873a3dd5bc77f,d65e3a3657ae455e954b6d7221afc84c,0.865730047
fd824af093e04ae187700d37404ce512,b8da01ceddcb45a491a288ddbc658e90,0.954141498
c9d75d71736c41ca808c70e38aff6b5a,85d4175b563d48e5bc6a991b23662f24,0.88540262
743f1b2f252548d7910b99d0870f6c67,da88fa5efc674368b593444ca950dff9,0.934712946
27bcdf10465e4c54869c9ceb59013b81,3574ab91c29940b3afc62354ae06b73b,0.950579166
52cd37fed829421d91356a3fb87f1ae3,da88fa5efc674368b593444ca950dff9,0.958856225
f3cba92d050b4d8e9432cb0cc14c3d63,3574ab91c29940b3afc62354ae06b73b,0.893935978
e0ffc5f5610740569aedc8c74ed17c47,5abf57d57d84440e94d0d2e2ffb37575,0.829146087
fd29df6e377f40b981cba18434381065,5abf57d57d84440e94d0d2e2ffb37575,0.934598863
f5ff08722abb413e9e24fa4eee6d5b60,3c1b91a23b694da1973dbc5f75f2f3ed,0.836291969
574036f38fb84293ae0fbe592c3c6f3a,cf293392122347a180cf2126f4589acb,0.96376127
35f36e3994484147bfac89ac7f1ef8ef,cf293392122347a180cf2126f4589acb,0.858611465
84ef3ef2feb84347bac472fb9e9d5906,c84deec0ecf843c39f52d4cb8e7300f8,0.772835016
ea57953406604eb083a4fecc3606c662,baf841bad27c456c9de7227555ea3ef8,0.883301258
b81d6cfb08b3460182252d604820144b,baf841bad27c456c9de7227555ea3ef8,0.655350864
d9348c713e8144f791dd2fc990a3cbb6,30578712823948b086e3781343982938,0.949093521
961885b72b8b4073afa543195a48050c,250d411ae270441085be3501b7b55d86,0.513097286
a5bc160edec74fb7a50b0debceb4ff1d,1aef014473b84ef9a0f799114fe516c9,0.967588186
77a31fe5e10e44c38270d85e569068f5,30578712823948b086e3781343982938,0.985513806
a508b4ed8aa64d2c8930b9e0f5588144,9db7d32d79024ba6a73c55fde6f55968,0.931157589
58f407c23b424ad7858fe02688d1f729,00e9d4081c2f45d1a818bfeab099863a,0.961159527
6a195a5109304e06ae0423987650f0e5,9db7d32d79024ba6a73c55fde6f55968,0.756041765
df7a3b9a04ad4297aadb288feabf0c50,3fce01bbc56d49d39f61cba3d17648f2,0.722978115
684ba7bd1eae483282be0c8c9c114514,e735729c80d84f76a6133c065d5380f8,0.97202599
4eda37aa22e54fa2afd5c4d98019ce29,3fce01bbc56d49d39f61cba3d17648f2,0.959191859
3fc9d39c9efc4790b7a0864f44c1e28d,e735729c80d84f76a6133c065d5380f8,0.927595258
492e1ce165734c99ae0c8142231d6cd8,570f08ce2a1a47978eab16bf7ad16a68,0.92045027
fc5f6e0b9c084686b8bcffe1870bb6af,23a16d69ffe848d593a4808907d8aa98,0.693881035
d88623101f5740e3bbbb1be949c2c917,cb75c6ef71cb4991805920f2894e0e96,0.699201286
3d4bd2285a9441ceb15abaf963002c03,cb75c6ef71cb4991805920f2894e0e96,0.579884291
fb083ec69f5f42f2881407d2176b5d39,aa082284f9894b5aa210c179d59999b1,0.98663795
94fac016e63749c8a8f0fdf1fc1a90b5,aa082284f9894b5aa210c179d59999b1,0.966760993
a4f2a13bd2b54360a921c8ef7366e535,db620271348d404a9a0b978d96c63f29,0.993187368
89206a8894c247c8bd87fad37967ca98,db620271348d404a9a0b978d96c63f29,0.988030672
4d36c5e5c20443bbab4b51e580bafc21,b44645c11ece4326a45f50fdc5d45dcf,0.874845803
517675a3a64847439ecd5791a240af4c,52f20bd7eb50430c95f0916727880a1b,0.954448581
b4a18167b9e44a69bbb49ee2a8709fbe,52f20bd7eb50430c95f0916727880a1b,0.927130818
173054bdb88d476dbd153c55b7fabd01,b44645c11ece4326a45f50fdc5d45dcf,0.96278733
6676c08920d74d74b3b5e31d76d402b2,249c2d8d8d2345c6990b3c4d94385b5a,0.665225506
0df5d9aef12b4019955ea3f2f0b2adab,f32f4607b4714e378831f924c5e6084d,0.887791693
9e0acd98c27a49b196d2c555deba2f0e,f32f4607b4714e378831f924c5e6084d,0.928821504
b9de30f0928f4adbbd9e64f944ab0805,f335a944a27a4504a82ecf70c2d4a5e4,0.934860587
1700d60558f04c2581e0c6ecac9ca03f,e06d08ff594a4acbac12edf579743fcf,0.953163981
f8ebc027345b4689839fa22c303c1bbc,e06d08ff594a4acbac12edf579743fcf,0.893928647
a815375295944d72bbd877ca7675981a,f335a944a27a4504a82ecf70c2d4a5e4,0.960395098
a5eb956f41154b2fa05333dc5f91564d,e5a3c8867e44498d9182e8be934e0fce,0.815149188
32ca729048eb46ea82cfabc322b2f07f,cf7476d6c96b4dcdb6f025b9291eb62b,0.904683888
4b03b491a7324ddea5bf28db91e66254,cf7476d6c96b4dcdb6f025b9291eb62b,0.899994493
6ee636f0481140ed9b0077791aba92b0,e5a3c8867e44498d9182e8be934e0fce,0.820631444
9e69ec4a3364489c92dd79eb57e83d54,d33407004b9e433a9d4147cfe6584d36,0.762036383
e3d8f037fbe5491eba85d08b7dc5cab4,d33407004b9e433a9d4147cfe6584d36,0.784313142
2e92d21d8386472cb7ae95c21ba476ec,5f481b07f9734f518a14853831233b78,0.931085646
d0e2f6816e1d46c4896a92a770a52d13,5f481b07f9734f518a14853831233b78,0.948165059
9db1e0ae9d1e4b078283f3e4fce188a9,4c36aafaf38f4e9e9e09991737196fe1,0.874987364
b3e9c337e43d4153aebe5720e9cd3974,4c36aafaf38f4e9e9e09991737196fe1,0.579832911
dc99c006397e40808ab1f016fa44006f,b626eb67c2e14afeae2846bb150976f3,0.711104214
4993ef4ea7ef4074bc9bfda10fc761b9,7d6122daabe442ffb5e57ece1882e714,0.65191859
c7eab26c996245a3ab077b730a658580,1f9cd7f2b7a14e2f8d490a104a56edcd,0.888301432
cebedb652e6442cfb5750e4bbec52862,1f9cd7f2b7a14e2f8d490a104a56edcd,0.857394338
085ac28270ca429689a32df3a4583773,e429a2e164a24919a12edcc8d4ea8f09,0.502149582
e03daa7cd69147cf9ffcfe59b6f1ff74,e429a2e164a24919a12edcc8d4ea8f09,0.497125924
7076a0387a924dc1b928b55750f64916,75801225047a4c019100660c13f1e0f1,0.979659617
0da0ce17055e4ce4aad17bba3493ecf3,c4b9d7a8d5d342459d2282589b3af293,0.932173669
a1de5e13c3de409baec25b9625277294,b33a0f5b564a4942b04046ab7a8e2aae,0.844795287
59d5b8a0cae447e3aa9d4441af278166,7f0a68d19d2e4850846ffc08c47ed87d,0.885340273
0c4b7eb545d746869c5419772a6e4392,b33a0f5b564a4942b04046ab7a8e2aae,0.934660733
ee5f151fd75d45ea92a20e50b7471a5b,7f0a68d19d2e4850846ffc08c47ed87d,0.785171449
53690105d8d9451da2c18448738ecbc1,1da8cc33bb474411ae16db0233210125,0.927704692
904b4babc35a4e22bf243f52a41e9034,5a9a716f53364389864a4018d9e9c6c0,0.903313875
4ec8d6459f8e4b49af04fd8199016f22,0d0973762130427eaa2ce9a7a34517db,0.856979549
c50dedd60aba419c9533edaeaa3946ce,0d0973762130427eaa2ce9a7a34517db,0.860763073
e4692df5d1fc4cccbb1af7348c9844e7,5a9a716f53364389864a4018d9e9c6c0,0.968419552
0acc73aefb2c4bd4ac88e33303c8f082,8d595c7da42545c88052e7b213b6c97c,0.876498818
c3b65a8844a544c6a4819d750555f39c,8d595c7da42545c88052e7b213b6c97c,0.870776772
3ec39a285da042a1bb003186e6c26bdc,19593c97fef0474dbe6051e28338f1e9,0.811802208
9405bc1ec9c249e080970a1f105edabe,ed4449952a9e45339b76fc5f123cb917,0.845371366
1fe6a337c9114514b3e8dd154c2bda5b,599feb1e512c43ad8c0a1845922acf78,0.810240865
31557bdb4eee40258e47e89e445b788a,ed4449952a9e45339b76fc5f123cb917,0.898043513
73dbecd0253544b594d72bdfb45f3f7e,599feb1e512c43ad8c0a1845922acf78,0.874611199
e6d9f19b6de24f86aa66f9c5fd05e823,e1c63000ace94c1d9381d82389fe6afd,0.875405848
81cace07bfd24a26846b03e46c6ad161,99ba4cc9355f4d79a68bc69ac12a716f,0.917122543
90e717813d404c9f925935c7cfaf747d,99ba4cc9355f4d79a68bc69ac12a716f,0.982563436
e5fa255c55ca4255a1a6ad8c11fe54a0,230b9ef63ea240e9b61a18f41473f942,0.875990212
e62461979ead477d9cc7f369964f28d9,e1c63000ace94c1d9381d82389fe6afd,0.659734666
5a783edaf5cc4401bef507ec0bf50b74,724a3f6551e74ad585bdeac9a75fd639,0.873313129
07ede7933f83489091e7ac09e75bd135,724a3f6551e74ad585bdeac9a75fd639,0.869505644
e0a1bb27279d4bb8ac27a733753d7c54,9500823cb050427696343b1ea5cf8881,0.931453407
8d21526a81804f01b67fc9c7431368d4,9500823cb050427696343b1ea5cf8881,0.954724312
e099db4616e745afa30336180e470463,039a871609044cb1b69f70c082fe61d8,0.976697087
4d9da4498edb406687e88c877d40d0b5,af648fa7ac6c4c50a246de470329cd83,0.939432681
1878f6ecc3cd4ae098c87cb8f6d6f75f,af648fa7ac6c4c50a246de470329cd83,0.936239421
122f81ffea0d4ee8a8e0e80dabd6753a,afac6ae28fac41dabae96696990c5555,0.923722982
341c198c08bf4223af06fe1151b3d336,afac6ae28fac41dabae96696990c5555,0.897571683
6936423214e640f58de191bcbb19cfc0,2ece45504eff42469c104dc2a2d03caf,0.751334727
c0ca5bae25e84345bcf7f81daaa9a287,2ece45504eff42469c104dc2a2d03caf,0.691787541
ca2cd162b500466a989318642fa8e5e8,6f8d80f8673144dfa7a4e09190442ab3,0.894538522
5eea07beb98f41d89ef2eb45e27d65dc,6f8d80f8673144dfa7a4e09190442ab3,0.871682465
75f3f9e03bd5407ba9a8ed4058d70b42,9c69642fab6749848e7ea7f5406a6da4,0.782493174
134c16196b09479bb303d2505e8029e3,9c69642fab6749848e7ea7f5406a6da4,0.856151342
62f621f26198469bbe4acc3c211ac044,52ee59901f3b4de884d7a6720538aed6,0.664388716
dc99976a66254d64893ce4ea5c1381f9,b8995466f0eb4e7ba141e23216e8b974,0.942673087
a837b40016284aef83d53d8096b2f4c1,c750a2994555414790abb3281572bb42,0.927531838
066e11859105406c8b337a9c79f27900,c750a2994555414790abb3281572bb42,0.926491082
eacbaee168e04572a043403932038ea4,d361a9e414fb41c1a605200d9cbba496,0.707475424
6f4c5ace8efc459ea9630b048d4f0f65,da14e9dc2c3d4963b725de8102de5028,0.950085938
c5430389b16b4cef9f052e00355bb0bd,da14e9dc2c3d4963b725de8102de5028,0.945672452
8b45a559d8f643aabfc6ce1311e615f6,c588868fc3fd4e87a7cddf1ceb00b022,0.972147226
923cdbcba1f440f0b8e680f9bbe84bc0,2c3599a1611644f4908562f8fb8870d3,0.978662729
ce803c95614a408cbf9b99166b3a9db0,2c3599a1611644f4908562f8fb8870d3,0.855042875
4a9f5a00cf914c0cb76a4ee585a73675,c588868fc3fd4e87a7cddf1ceb00b022,0.969866335
61251687d2444fe8b74dce9025233ead,0c9c05f86aa042abbdd66d2b2d05d374,0.903351247
42f90bf7d5ef47d8b2f88399cb0f3a2e,0c9c05f86aa042abbdd66d2b2d05d374,0.867532194
b3c99c83d4e34424adca9ea35f3016b4,a64f6232ee1e4357937008a327a63cf4,0.907662272
cc2355a9c26249c0b3722824339d73f5,a64f6232ee1e4357937008a327a63cf4,0.942511857
7e2f96b3e0ce428cb02c7ab9d85a8cca,898eabaaa1a047e18aecbb1c5a8decbf,0.957006335
c1de7b286d874eeab76f13a3c0d2f90f,7f5b658239034d35b7f4cf1c63cb388c,0.901249528
e61649949748401a9d06187bc97c8b58,7f5b658239034d35b7f4cf1c63cb388c,0.925408483
b81b07771bcd450f9d8eaba7182f30c7,898eabaaa1a047e18aecbb1c5a8decbf,0.936781108
98224d85c5a5408b97fc3f91e37c6172,444fa28d9ed54c82a522699041eae592,0.720731437
9cde6cf03d36463a9fa125c9a5d8579b,ec580ac6dd7149fb8a0a5a5d8b0f5b08,0.649670005
97496eac7339419799091685c1a6c966,444fa28d9ed54c82a522699041eae592,0.575487912
308e1406bba647a6afa6645b35e09bbd,98b2022b2cb84af09ee8b789db928b13,0.750358403
eaae15d0cec34edcba4d16f18e51feeb,e53dd6188816429ab915de6f9649a026,0.508542418
2fa2158b5d3142e1a336b9938e7ec3e4,b702b2b61ce048c6bf5af3c4dca18b1a,0.934143484
b3e94875f12a46d49a18038edf575672,b702b2b61ce048c6bf5af3c4dca18b1a,0.992985725
bb76a200223d446492dbeb01f3dcd83c,f65c7f50929f431dbf31b441d87616d0,0.754799664
249ef4fd3a32489e875b8ff944f609e3,f65c7f50929f431dbf31b441d87616d0,0.800362349
08a04363ed37468191357b12b4afa016,d445ccdb4cda497e9f0343a3298022d2,0.579363346
62e089fa066d404daadaf7ab2e75f3c4,d445ccdb4cda497e9f0343a3298022d2,0.957930803
772aba18a7014577b8975d8f66f55383,215f3d275db14601a0383885cbaad86e,0.732854068
222088ceffe04fd9a94096cfb805d9aa,215f3d275db14601a0383885cbaad86e,0.805093825
215fa8886dc743ea866c55c92e55275a,105ad424733e4cffa7c474b51e3980aa,0.960222483
fb89d31587634cee9cf443d998d56245,105ad424733e4cffa7c474b51e3980aa,0.878775716
a9c15421f19d4bfca5a2210dbafbd327,b4dadb3ea3a04cc3932094471debce13,0.791980624
405c71393da6481db0f9c471e6ff0b9f,b4dadb3ea3a04cc3932094471debce13,0.780063272
10672c8813224cd19e1b65d21bfbf3fc,e88ce4cd350f43398a5c0ab8629cee72,0.810695887
380188fc5ffb4a8db6256661aefa22ee,7bbe3c76bcc04d73969f920d43fcc67d,0.922154605
78bedef4e219493c8b9a059437b0c690,7bbe3c76bcc04d73969f920d43fcc67d,0.962054372
a73bf22ed53e478bbdb05661b2bb34bb,b23a9c50eada4286a4f7ce8668b92db1,0.750357747
f8807fdc0c904075885c336e24827732,1393dac7d34b4c34b1a8091a5bea3663,0.985179901
c21fcb50e9a24b558b8fcc3a2d0f2042,64e74af099b0485f8b6e71ac73aa2cb8,0.921584964
0e4f6fd8c126417aad3dfe97ea1dee56,ec5fe0d3a2a2426ea4e49a5c0ad44e04,0.970452547
11fd1036e3764df2a694b62f3f7a04ca,beccee3a988f48c1ad207e2380766fa4,0.886182666
16f482cec0e0411f8a1d2610a2aacb63,beccee3a988f48c1ad207e2380766fa4,0.902816236
cd59d2d18bf04a6a901a0110f5fc4b13,ec5fe0d3a2a2426ea4e49a5c0ad44e04,0.979140341
a3447d7a1b25452ab7eb7228d9426dbb,887e323cc38f4cf8adc5970617f1c286,0.675943553
bc979d6c4eac47c3bd21510ffe22054c,91f0da6d71574ababd8e868bddec9310,0.953542709
8033dc78a96946859252dbe5da10286d,d695b7afdc3841a28a56df578e56afce,0.979909539
01ac48c3001b4c44a7b582ac608de711,e12ad1ce8e7940a999b9a4f91a95fab7,0.932575285
7c0d5434c5bc489793133ad27a07f74e,e12ad1ce8e7940a999b9a4f91a95fab7,0.926968157
37c59c24c4b344198d9d5abcdf597519,d695b7afdc3841a28a56df578e56afce,0.714260936
70b93f2c45f0428a89fc7fd8ce0b6106,6ea31a945d494834a3d243f1f90af02a,0.970563889
6ea9898485944849b1119856b900eee9,eb21a4e2b7bd43efbdf0c365415e7fef,0.712981164
e3fbe9aa3f674b32824114cc216c78ae,a5365055a36a4ec1bf5b0ce2ef949a35,0.882440209
db1e964f321c4227b0b29f870ee1f47e,f69dcaceb6074ddebfe1dc7e5978fcff,0.60447216
8b132fbf58574d90aa4cf5ddc704b658,f69dcaceb6074ddebfe1dc7e5978fcff,0.658587337
8cb387b1679843169efe77577286098c,ffc5805e29a74be0a55b40318aa321d7,0.862576127
bd22a678c6cc469fbcd9725604a12326,ffc5805e29a74be0a55b40318aa321d7,0.873682141
ee15d39bccb6404eb47fcb884d906454,bc607fd6000b43108e49b3d05688fe90,0.787728846
ccb86f144be341ac9a6ff07647fc1e2f,31cf7db26a3249c5a6205b005662ddcf,0.823045254
de734ca5438c4b22a9e1d7e170c3c57c,7e8a4a43e2f84dbb88e41cb24b3fe79f,0.700517237
18283806841d46c39db8e7fd20713c52,36472797459c462e910846109fa624fc,0.552567542
5e304e02eba04f73a50005680ad397d9,36472797459c462e910846109fa624fc,0.737377405
17746de5e371420092452c78a59017b4,7879fa4d4db046a2a8d195311b6e5789,0.618013322
496cf23a51bc496da75e8ef2f4847bd2,bb84a4cf60c84a8d8e23276b1863d293,0.611284316
62d8c95fb6f24a1db3cd303bb5b85396,7879fa4d4db046a2a8d195311b6e5789,0.500897467
fa8048c81669437cb087918eab24b02b,be42a43f5186434db4f2815f768a9991,0.792624593
b7d522798dc7498da4a40704cbb65a53,bb5c7d03a54647d08b8c62deeb803271,0.950928628
23701e1499d04d6f890fffb1a8d95746,bb5c7d03a54647d08b8c62deeb803271,0.950649858
d8e490c2dc4e457291f1e7bb4ca941f2,be42a43f5186434db4f2815f768a9991,0.775110662
e2c006dd97304dc5b599c8334ea91da4,f69bf682935e47e1b4c72d237becd13a,0.872338176
180a003741a9400fb647528c1b5bcccf,42b6af4853fc465f83ec054f8f8289a4,0.84744525
d9c92c59d5aa4726b77e009485c2ea31,42b6af4853fc465f83ec054f8f8289a4,0.932236195
11ce9ba7b6bc4478a9c51c05eeca19e6,94ed54abfdc74b04b0dcb19c278e66f4,0.945693374
95a503cfa55a48d6a01d293cc25399c0,2d43cf91509846e29ab4febd7781919f,0.968210697
fdd0fecc1fbd4f8da6683ae92d766e3f,94ed54abfdc74b04b0dcb19c278e66f4,0.814149261
a63b30ed19774ee7bd8c65b80994011f,2d43cf91509846e29ab4febd7781919f,0.939712048
b7ee6050d7ff433da190380cbf6c568b,55c0b899937042c98162389b209aca7f,0.940544069
92842816932b4cedaf43f4075a7295f8,df0c94234d9d4890b5b4b95c441b3e9a,0.506463528
0ba88aef47574c8397c6bafc945b9a6d,7daa434073604cb98a04fefb55468dda,0.919849515
908bfd5077a44b398cdda1f6b068ef55,7daa434073604cb98a04fefb55468dda,0.828810334
a165443e0d954522807ce0ab172fcdc5,361f2b7f3f044907b3a331872fb18755,0.894472897
f9f0efaa4a6142a7919a132744822ef4,dd77b570036f40de9fdf49011bb9e2d8,0.666940689
095cc723607c4786bac59694c8e22fac,39a08a87897f47d3bdbbdc5ed8c9cd7f,0.931147695
f975925d733d40bd99cdc31b176a5add,26869cc099c44c4a86f6043476ab4890,0.690989912
f71566d731d04b0fa7d5306ca6d5d1a3,39a08a87897f47d3bdbbdc5ed8c9cd7f,0.935956717
6e42a161c552498789623a17244a874b,ca544e6629b14e8fab5f7cb40d1ac88e,0.523183167
3b718c2254b44a6b98577df37cfcf2e6,19098957d8c24cab95daa30c2baefd8f,0.506264687
5c555c29b0864fed9559512fc8b56e7e,8b038cd0dafd45d8b1ce75177ca3a76b,0.680711091
62c7211abab24fcca853aeb2813a880d,9460474d89704a68aaa6ccb62310ae3d,0.870429575
0883118ad1b2497ab0b9df2a1e2b16b9,9460474d89704a68aaa6ccb62310ae3d,0.892982185
f79a2bf431ab4c86b494e19d1845d00c,c66c6f1449d44728a2ef72de53dd6d5e,0.958866954
a57e9b989c854296a345aa9dea1c5cb4,3f1c2bb09c4e4400b6ba19542fafce18,0.928701639
8c894f4ececa48fe8b64acf34a77674e,c66c6f1449d44728a2ef72de53dd6d5e,0.92826277
8257521498a64a9fb7b41143b713373b,1027a336232c4454a9c4ae450a562788,0.973853111
78188b8c0642428fb591262e5d86ce6d,19a124c6dad14a4fa7864463b081009c,0.62628001
03d5ce4601154cbdad2bd459235427ad,1027a336232c4454a9c4ae450a562788,0.959887564
e46f5e15b5ba480db90f0be1f5c6b070,c65af18670ea437c8986884645b3afe9,0.986057401
0e8d635cc3e241ddbe108bab5a0f863f,c65af18670ea437c8986884645b3afe9,0.896934628
b6a711f4ec9b4b1bb1bcd06f684f9c22,24c55bb5cd694770ba895c7401da2ba5,0.585136712
10346a6c05be419ba2fd6398a619c44e,24c55bb5cd694770ba895c7401da2ba5,0.819404364
c2b5ae1e1c2c49d39e7b25d5660dfc10,24c55bb5cd694770ba895c7401da2ba5,0.623374462
4a7c88e745974776bdca788eeafcb775,24c55bb5cd694770ba895c7401da2ba5,0.608635187
350aae48399c41099ec9c648db89df25,0ecfdd96e0054841883acba75e83b232,0.937734365
1a78505b4d0640aa9f35eb528818e54d,764b8280445d4023aecaa53cf7758932,0.536490619
b2decece9a254aa29e885325d7e10a91,764b8280445d4023aecaa53cf7758932,0.592918277
1ba78638d99a453298a17f233049c981,c1d504dfeded4b8bb3c07777b7c7abde,0.845807076
e796ebb3bb6040dfb158ab774e2073f5,ab57f83304bc4005998bbd6bc063fb4f,0.934633791
1ee672ab946e4272a171ede24ff00adb,c1d504dfeded4b8bb3c07777b7c7abde,0.879337013
c93b2527aefe464c88f83b2c5c05a5f3,ab57f83304bc4005998bbd6bc063fb4f,0.74310261
6ba0f16f8a794139aa559865c689f392,de6ac628a786435f9925c8cc1d707d6b,0.859304488
011e2395f6a74299aafef3ad4c6e1bd5,4422777ed51142a99aacf05f446cfea1,0.96051544
e213427aa5fa426b826fb892aee20bcd,984058b7165d4c6385bec3c94afa9fb2,0.927717388
4d0df524bcae4a17b817d5eb1edde03d,984058b7165d4c6385bec3c94afa9fb2,0.921640038
2382285186b14233b2a574461eead3a9,b277101390e1465685ef79bf3519f8d7,0.605441928
91918319e16747aa9a1d9dd6b13b960e,b277101390e1465685ef79bf3519f8d7,0.904988348
de360956bf524b1783abb303a77d92b5,9daaefe080b34656a0c7a54d2d6a1713,0.660155475
18eca8b91ef14435a8d3dc3cf888e60d,0592b57e490d4206a3f12eb004a0afe0,0.688633323
71a406ea72c94b068788a3f7435fb47e,0592b57e490d4206a3f12eb004a0afe0,0.717501342
d67d3ded66fd47dcbd06a4e0d110046a,0cdb0f32850f4585a16de4886462bbe0,0.90985465
a1ee60380a8341b4a22b01efc9c91484,0cdb0f32850f4585a16de4886462bbe0,0.866070509
d80469792ba1435797dbbd8c826c4dcc,0c889c151e094b948c13b0275e660a9c,0.537354887
a2c9e517dc6d4e6bbbfc226aa45adb37,403835bbf2f1447188bcc78e062b0028,0.794743478
94e80e2185c943e49ef7d81012376cbc,3356a8a8c6ee4f30bc2b028e360d4471,0.936578572
dc79be5806cf4fa1b7fdf18adcb8af3d,4a3d4daed4b24a1898551f0fd1ba44f1,0.901129782
8d37ca8985e84bd297602e977ec9487a,4a3d4daed4b24a1898551f0fd1ba44f1,0.918547451
d7577481d2284677970ac7a876a6d295,3356a8a8c6ee4f30bc2b028e360d4471,0.939336538
499f89e2519849bfbdcfb7f09d470c08,44156e6482884acaaee1938e04d8b6ff,0.831558347
1e4b598167924e35b74d3da0df1f2de1,796eade2ee4f466781d9f6669db43e48,0.887201965
c7bd4b551343446fb8edc262aec1a374,796eade2ee4f466781d9f6669db43e48,0.963884115
219b73b7828646f9bb608aec046837ee,44156e6482884acaaee1938e04d8b6ff,0.90070653
9d11ca9aa5d24f68aab627b9e93e698b,3138244ae91040948d5bd6772e4075ea,0.954292893
cc89d7fa93924af1a154d57f1f1cfbc3,70558882c04e46bd99d15e9786468418,0.887339473
a3a0aa5e67f44552af621d1abeb18c13,3138244ae91040948d5bd6772e4075ea,0.872311532
2832c5b8870946c69ac69731c0ec1d68,70558882c04e46bd99d15e9786468418,0.68500489
1403f18946f64e94915e337242ec189f,556743bab70d4b75bafcf192fef95b16,0.970601141
104c41a52ade420c9d3dac7c3c0aaf80,be9e713988ba4bbba869885cad419259,0.880485713
e8a3dc97d68d46b6b42514168c735abb,be9e713988ba4bbba869885cad419259,0.806404948
d93d116f2e364d0c956fe7f93f434129,cd6ce920d00e4d17a6cf04f9f7e550b7,0.618691206
8b13db18ea734cf391e49a434b75757e,6b7b5d28293d4a5a8075f7f7dd231ddb,0.801188469
89345620586f45b098d21a0c401cf8d7,cd6ce920d00e4d17a6cf04f9f7e550b7,0.948907733
8169f7fd48544fa082dae25d882a787a,6b7b5d28293d4a5a8075f7f7dd231ddb,0.881937027
7de9406e3c12409081f8c0ebc2127441,a35d7304347a4f81b1ccfb086956921c,0.925441444
d5f199eff49445b491565e80e55f8e53,b675be39e8ff421aa59811f146da945b,0.917188227
70e5632cb4e64b128fb44a897571245c,a35d7304347a4f81b1ccfb086956921c,0.931889772
aa61f461ceef43859129c5b33e8bd9a5,2f0401170d104b47b0a8f087f69dee88,0.885750592
4095895ca5d6432d8c9ca23b6431250c,1ad0cf33e96243888d5f970195a75586,0.632416904
04d06c5defde4dbf85a0c11fdd459eb8,1ad0cf33e96243888d5f970195a75586,0.889747679
eef8e982ee854ffa9e9c5af62e17c155,ca1a2a6308834baba3140b5ce8f81320,0.963915408
5a7d3f99251048e2ac81d5ea8c49c767,eeb3b60f34af40de850e065b475d8180,0.981769383
eca00c36492249e08f99875a5e115d84,eeb3b60f34af40de850e065b475d8180,0.977224231
92e3b7a540a547d8ba02bddf82f83380,1d70bc69b2f84bef9aa5fb0d9917e38d,0.903820276
d5bfa4fffcc249fe89deb2d4410919b6,1d70bc69b2f84bef9aa5fb0d9917e38d,0.942109406
578d9258cbf8456ba7d9f83130e02184,88353d1136d24836816b073de62e5f50,0.854368925
281e458eef7b4d77b67d424744237fbc,88353d1136d24836816b073de62e5f50,0.945533752
7f6fdd98bfc5410fb6c4afa8786e0b48,452d645d5bf4485185e996dcec9523e5,0.51895839
cb84a0b8bd52401daa4762d7975d4fc7,655a618282cd4fa39a26f0967c033f4b,0.648565829
05021100f4bb4885a338db368a83cc95,452d645d5bf4485185e996dcec9523e5,0.540643275
f7ad8b57414846b993e2ca44f3962ff1,06a5f0cec6ce4170a02dad0ad4c55b1c,0.929083645
750cd38aa39e4281ad616eddc8f5a983,48c31b1e2ce94de8968fab433813fa91,0.793210328
c81df43d512e4bcb85b00b5f6763f6cc,c235728f290a44d6a5fc2e14111ae02e,0.957020998
a282371ee5c74dd98f0cada75271b7a7,48c31b1e2ce94de8968fab433813fa91,0.9435004
0dedf21ad5ea4607b710bc0cccbcc7b9,c235728f290a44d6a5fc2e14111ae02e,0.879586339
aebc45203e45452db8eee17826ef2c46,e22e1ad3c1fc4493bcb7c9b923566ff7,0.856436789
3e10372aff9641bb88682abca29e907e,8228c9eb29a542ba98c8b9b854eadaa4,0.950790107
9dce4a0759174753b62b3cb51b8fb679,d2a03ea4b2d3439ca3dc6fe056ab0f04,0.944392622
5596e047713c4a59b1e70561fa034e37,b0236c76ae244fd8aacbea7da10e55ca,0.915883422
6c348ea51c8b4750b956383a3b9a84c5,d2a03ea4b2d3439ca3dc6fe056ab0f04,0.977745235
c56449c78d8549cd9d227e4693e51c7e,b0236c76ae244fd8aacbea7da10e55ca,0.886803627
8a4a2cf4736e43f8b21f72daeffc76ee,29fb30a75c57451a85f310aa6423a662,0.966788292
f6bdc5e4c3894a41897ace2fe9061a90,73f684f538ea452cbb4fbecc2e8126a4,0.98262012
bf133adcf34f4470ae9ab34f8bcac84b,29fb30a75c57451a85f310aa6423a662,0.962560952
198ce01eda8e4bc0b31c457e65ddc39b,73f684f538ea452cbb4fbecc2e8126a4,0.965439558
442c28225ce642b182163c39ab4c776b,31f80e4c87164e2893375ec7e73b372e,0.911701918
bc44523c44214d88ac687d8e05a28a8a,31f80e4c87164e2893375ec7e73b372e,0.677813828
e41cc56f88244ce7a26e583bd54f506f,b85d652ba8d244f8ab9e941966094f28,0.953612089
b6cd550fbc9a48008039483d12ad44eb,b85d652ba8d244f8ab9e941966094f28,0.654224277
d425f86b0d264c76a6ff6edbbb718fd8,f7f600880b064920ab59b907d26aedc6,0.686472237
a0ef1a7a1e304bfe91a8c12abf972c6c,d9096650c434432c871effeca9acd5c6,0.908119857
d8ec79e0dcba49fcaa2e32c4a56d98fe,7f23e27e5652406784fdc2dea3918125,0.575310647
88e851f978154b16a0a01f8df5255703,b69c17a10a55494d8caa56c33e8f4a56,0.946907699
957fd0aaa98b49cd8b0aeeeff8fe554a,7f23e27e5652406784fdc2dea3918125,0.560291588
3ae64cd8d99e463d84ad390f0770863a,8dfbb6a204a0441492c35baca6190969,0.859138012
83caabc655aa413fa28ce75908fc82c3,8dfbb6a204a0441492c35baca6190969,0.965438962
b2a8b82d886042029e4d7b75f606d3f7,57430214baf045cb92fa3b3b70a4ca3f,0.980516016
5ed3368f73bb44e6b4ad520a68661e92,57430214baf045cb92fa3b3b70a4ca3f,0.910024822
55b8c9724a3a454c9e37de654b24d293,4926607aafe749538c930e108275547e,0.965632141
515bbdb925064e5080053f5a3bfa72c2,f5b766ea6abe4b5fb27d49cc3bc06020,0.973137975
bd68648028064b068d1c788b7b8b35cf,4926607aafe749538c930e108275547e,0.945179045
191675e5da5649c9ad0e649fba7469fd,f5b766ea6abe4b5fb27d49cc3bc06020,0.891355038
917a01f6ae4049189b017ae05f4e8282,ef60b54aa4b5490890da32d0bb8c9cbf,0.959662139
8099552462944c5483e6c7e77019cd09,ef60b54aa4b5490890da32d0bb8c9cbf,0.8511554
69a7253a5317474a980b4e9538e2df59,cae139b6e4914ce7b0ef1e68b8b857eb,0.901382744
54e1f0b191a74c1fbe587bd189dbefde,1232f20e710b448e8c0538b9e84dab1c,0.970778406
eab46b3eacfd4c65a5d3acea93bcd635,cae139b6e4914ce7b0ef1e68b8b857eb,0.87003243
77ba7373423f4871aa84b0e9e90558da,1232f20e710b448e8c0538b9e84dab1c,0.971091092
ada711f5328244f298daf7e98150c7b2,ffe2740eee8c49b39b2ce41f9983bcb4,0.96379745
b59f7290ee4240fba85223d721d2aefe,ffe2740eee8c49b39b2ce41f9983bcb4,0.967733502
d8235671d5bc44ea9bb7b027f4c3bb3e,77ce0587a12b46bab8814225ba86753e,0.768761039
518f59c8010c4dd48362de2cb03f5167,77ce0587a12b46bab8814225ba86753e,0.757257879
c313a0d413ec48a6a2cbd1df9d98d820,71c1a8479b194efca65b44fb7f327afb,0.961582184
83661848dd63461885371664f7c4bc51,71c1a8479b194efca65b44fb7f327afb,0.941847503
0b47b27e631a492c8956eba727078681,3e59b61eb70146308db2308b988b54cf,0.54689908
d0e0af0e83ea4c3b855152177e8295c4,a4af9472683c4df0a86f9400c99c2b61,0.976213038
3c7adf3c0f6a48ddae27f1be8bf94c98,98fbdf945d0c4206a48a4f7260e56017,0.958744764
9ece5d7b95974244a7560e0a5516708d,3e59b61eb70146308db2308b988b54cf,0.697078347
6b69e25d73f148c98af914e308e2396e,3e59b61eb70146308db2308b988b54cf,0.907140493
f443d2b48e9f48748ed811a3ffbfeeb0,5e44915237fc4445b54b037e1c4e29a4,0.910299301
ca49f30627f348ebb9db4ee0577e1d96,4e22dc65beb7450b9260cf27e50919e4,0.789601624
3edc2638f7bf459c90061b70e170d78e,4e22dc65beb7450b9260cf27e50919e4,0.748198092
4241e3037cc4416b9760a32dc49b4d49,5e44915237fc4445b54b037e1c4e29a4,0.821001828
2c1eb27749b548ee9cc13137105c60f9,21019944fc2c4838a682a6dcdc62c4ef,0.802448511
879584d5b62041dfb4cfbb779df86357,e4ee90d625d44a6d9adc138390eef0f8,0.78619945
f21b02728ff6484fb3fd4a60399ab492,e4ee90d625d44a6d9adc138390eef0f8,0.801585555
d8456095cf7c4204a086a014ff2b3c14,21019944fc2c4838a682a6dcdc62c4ef,0.982961714
3afae5ea042d4934b4e05a905c277730,1c6bbf19b3d2498696a5baf0f53a0f18,0.950499892
c6c6941b06454b858b384b129f635fbc,b2b22c673e554db39c8acdbe42687a6d,0.985902369
164fd25714484642abf3c2f90a97a8fd,8a9dc60359ba49cd8ac170cfb4ac3913,0.949468911
3a05b06fa1e34ff0b02748d47a9e6360,8a9dc60359ba49cd8ac170cfb4ac3913,0.923029959
fec5eb7ba2734bf5b777bcb611801028,9fd4c00672d84215b3e21812aef3d6ac,0.658513963
99fd1c486f1c4dd591b9a6ecf8054b7d,9fd4c00672d84215b3e21812aef3d6ac,0.653207898
7613bd74728b4f0baa8eabd0aefbbc29,4a6eba10a02a4ecdbb6b25e8651c3789,0.89037323
4c482b037ef04720a8eafa90efddd03b,eafb3480db704d7baa8216ce857d1610,0.924299121
596b8b0b72be41a4842150fbbd18aead,4a6eba10a02a4ecdbb6b25e8651c3789,0.838829219
99794362eca94e2ea0536c628c097ee0,eafb3480db704d7baa8216ce857d1610,0.922137856
517088ff1e71421dbc66c81c7b6d809f,69ac8397e9624bfd8aee237b9f9ea3b5,0.883999109
67f17a1293154579a1047cd28690d783,5be48a6bc26044f2a2e4e9b6a223c319,0.799205422
376dc48ffd5842e2b10ce1bfe8617a4f,5be48a6bc26044f2a2e4e9b6a223c319,0.822088301
e35f15c7fc564b948c6220d15268f95e,69ac8397e9624bfd8aee237b9f9ea3b5,0.919072926
7abc7ac040a84ae88177c3b2d510f7cb,e86a0aae846a4e44bf967ab4972c977c,0.803491831
dc2a5233c1944b37aa2c99dd76665f2b,1e376f9d0945477983c8d851e4b2cf5e,0.975033224
27b25d301ad34851bd0df3863116a2e2,e86a0aae846a4e44bf967ab4972c977c,0.803195357
2b2bf37314104deaa800c3918ab54a33,1e376f9d0945477983c8d851e4b2cf5e,0.978165984
3c56e94879364377bc8bfb7a92d403d1,a9d82bb43410405ca21b44a5e82e22b6,0.649545848
c28224ae63704fec95ee0278f177f277,521004289ebc4e6da6623381d40a5e73,0.806942225
2c9175bf65da4030a4bca9f358cadeda,521004289ebc4e6da6623381d40a5e73,0.695247173
7567134f761c40a79567b3f82e31afdc,f91157bb8fca4a8e98db33591a76be9a,0.968047976
e95e0daa9ae049ef8be95f459b99d584,e511c40ca6324803b5021e47b4e777f8,0.845656276
ee401564da1d407da8d97b804a5e3801,643fbbdd6b764ba9904a4ee67a86b9fd,0.675363004
77ae6ded0d014f36b371a4153e05c4ed,89e983dca0a34b768e17b3871b9cea1e,0.749674678
8a0213e5d51f4d7ca596a5163d04d39b,b40d3c588ad647ff85e397a6bc5f9d8b,0.693543196
49a13f972cb940089aa409b42b7e809b,b425f33c33ad4be89a12da266d131a86,0.884721994
42b7373e7edb4471bd9cd69dd50bf4f1,b425f33c33ad4be89a12da266d131a86,0.631481528
1c30f9917de0495eae26b471a7cd3e1d,b425f33c33ad4be89a12da266d131a86,0.932979167
57378df73d2a41698b22cc6d6171529d,2acbd3ec289a47f7b4108896ec632585,0.823900104
ffa661c1e7484ac0bd1e6fd235a3cc5a,2acbd3ec289a47f7b4108896ec632585,0.876782
b2ab0d60cd84497b8493bee493f63c20,33e2a95109e647cbb4ba2687631b169a,0.500242531
5cbead44a3a74909ab9ed4a89f1396cf,33e2a95109e647cbb4ba2687631b169a,0.611500323
6e174164c10a49d8a9483ad16d690598,d658e3a743af41899183fecff6b2628d,0.851965725
d59e2a4a21bf40f9b53614eb370d1190,d658e3a743af41899183fecff6b2628d,0.968829572
fa321eafe1a9412bb6e66f46ae22286c,6400e3f6a14c492ba399bd414faca075,0.961596787
503f076c7e794fbca12dae4217643acd,6400e3f6a14c492ba399bd414faca075,0.945645094
14780abe56584d7c820310e42bef8f59,72a7e2ce22d045efbdbbab9c68f5d026,0.925694346
695fbae9ce4c4e3ab42253368b1e2cd2,72a7e2ce22d045efbdbbab9c68f5d026,0.798256934
c4b6717a4b55444ca077700ab06da875,afaf2edba0ee4d58860a5a04e4aabc5c,0.977011502
7ddb092a89824767b09eb8b07c8f67de,afaf2edba0ee4d58860a5a04e4aabc5c,0.972674191
21ff6809479e4f828a199d580c8ae4c1,66690895454847fea5a000202fbfab2e,0.8256495
763242c8ded1422bb4439fdb575fad5b,66690895454847fea5a000202fbfab2e,0.828564286
a9852ab7f40a4b35a004ce7c87aac7b6,3675c688960a4f3b9f82c4ccf4049e93,0.923084378
c8186591409f4404a006b302ed5475d5,45f4192f485a49d9a75219ae4d0c41ee,0.888248503
afc4b3ff44d1405c9ff0cce76fa55d76,c5486d5e31084ee797da0ebdacb17abc,0.942378879
9df4eaf2213048e4a4ca33f6d817a0b9,f2077addeb6142c8b3540916522126e8,0.936294675
452c8a69dd45447f976e014338d22ae6,1004b33e3126472faa78e1929ed974e6,0.935899794
9294a2cddd6848f5a6bc5c647fe94884,c5486d5e31084ee797da0ebdacb17abc,0.853463054
eb3962be88734097b437832a832493f0,42805d29975b400ea7c570fc45ec4938,0.936716259
4bb99b51272145f8be128cac5ef3bd65,63eab812f3254cccb9631b09725aec3d,0.91993016
122365aed2d049328715f0fe1b2a43c7,63eab812f3254cccb9631b09725aec3d,0.927559018
742fec743e3e477785a08d04b8407e64,42805d29975b400ea7c570fc45ec4938,0.967411757
c3484b8c5f024854997f34baca483cc0,2d812431f07c44f1a56a71c72766e0b0,0.970068634
94e0d776b3794ee083e5c1681cef5d04,7ee65b33f8f44852ada468b1fed83433,0.937757671
2b23b46313714edcb7da655ef18a0f03,7ee65b33f8f44852ada468b1fed83433,0.943071485
fad34cbf60564c3f99677bb2e06263aa,af532d6e5090478ba520505d5f9107f2,0.746209621
a47ae5564b854b989994a2a30367bfa4,2d812431f07c44f1a56a71c72766e0b0,0.965264201
9113b0a4a5e24e61aed364a478da29ee,bcfa4a4177d44d8b8cda17b7a23196b0,0.960636437
b3926611d2914adc8eadda384ed96905,c1def54262224e23acf67a9870725ce5,0.948751032
36bc21f1eb9547d6acfa87c18625fa92,c1def54262224e23acf67a9870725ce5,0.907094419
d7becb5524844f73b41af1cad1c1266b,999a2b52a5004ee984e587d5a1327b23,0.701567829
f63ec53d7383437a8d1e627efc4dd528,bcfa4a4177d44d8b8cda17b7a23196b0,0.904869795
d76ebc807f524eb9b8f95b523304233d,b3a022950e444682a113cec5a0537f6a,0.697346449
4b8fd90e4d5b4a25a57652c495f66ea5,b3a022950e444682a113cec5a0537f6a,0.833497643
9ac82778d5784882b02b03d8ce1a4ccd,35d06fce2df446569702778e2250bd82,0.748785198
dee104ae444246ed89dd5a5796eafc0a,2c65a898314b42e6b2e93dca66fd15c2,0.903476834
9a46e2903ca8474d9cb7fe93138049f0,2c65a898314b42e6b2e93dca66fd15c2,0.900663137
bfa6dfb11d9e42a98ba3ab87d5f2ffde,da9cfbdf124143b78bec89393dd5287a,0.809295774
f677dfcf19e14a9faf24ac74066422c2,f59a3ee5387440d981754b6595e8664c,0.956279933
98fd88d0387e44c3950f7955f062c9b3,761a3a01495143f0a86beac4234cae3a,0.906632781
90efefd1c3314a96b5fd32625e55a054,5e199f7727cc4910ad88dbd81ed1ec82,0.951518297
b77b731d5a9c49139163f1fac2ed9337,5e199f7727cc4910ad88dbd81ed1ec82,0.978175342
dd2de907048e4d1ba625a54ad1bdeb2a,d37bf09399d848df9a4d880fb097239c,0.942619801
b1494352b57f4f809fbe88f8f61ab247,11e9586d6c7a443c8025278f8ef53b6d,0.789560974
841cacf592b14de2bc2fcdaf4995bf39,75bf181ea5dc490e95d364a5f5c7af1d,0.848526359
9c8f594f127f4823807c7d9a40bc9547,7d5c0a2bfccf4255a43d9bd0f84a6d3a,0.95553118
e0f3fe21dd04463787d620860a0ec6a2,7d5c0a2bfccf4255a43d9bd0f84a6d3a,0.76774931
26a7ded48a0842c28c407984aa614b3c,c713a0ca69864ee7b240069c98dc44dc,0.861258984
95e4e242519d4cd9bae0a574d881fa7b,c713a0ca69864ee7b240069c98dc44dc,0.833532989
e8f5726fe08646aab29fd6e5202c7f88,feb980ae999948ce9be0266b4ddc048d,0.877944529
3bdf75b6d56a422d94e6c850d515d3ed,feb980ae999948ce9be0266b4ddc048d,0.951186895
978f36c5e8ff41efa416cf6c32ca240e,7d3d751215194e649a03457226f599d7,0.886518776
57add4e71a1c4202a2502065ae10d002,3e6a4b65a1004c08a6f3f570cf986c2f,0.603310108
9509c30cb1bb48f38a20b700b4c3456e,7ab9086baf99475d8c93862a7dd36344,0.959591985
e25640a5cf1a493db2690655a45676b5,7ab9086baf99475d8c93862a7dd36344,0.969675899
0c0b0a3a57ae44f5bc9a682ecdf7017e,ad3d372fbf054ea1ad06cfcb7490df4b,0.856300354
60de40f69385488097a1e4a1e36a7e71,ad3d372fbf054ea1ad06cfcb7490df4b,0.826768517
e24bf2d26b3447a0a1cabfedc1474778,44f41e6e6faa4facb0bb9a72205229f8,0.881867886
26e498e22958483fb8c239d967efe176,5f65785004054c67a618fe43b6a30f56,0.602979422
0e5860811dd84425862213b698237538,44f41e6e6faa4facb0bb9a72205229f8,0.787341177
